-- --------------------------------------------------------
-- ホスト:                          localhost
-- サーバーのバージョン:                   10.4.32-MariaDB - mariadb.org binary distribution
-- サーバー OS:                      Win64
-- HeidiSQL バージョン:               12.17.0.7270
-- --------------------------------------------------------

/*!40101 SET @OLD_CHARACTER_SET_CLIENT=@@CHARACTER_SET_CLIENT */;
/*!40101 SET NAMES utf8 */;
/*!50503 SET NAMES utf8mb4 */;
/*!40103 SET @OLD_TIME_ZONE=@@TIME_ZONE */;
/*!40103 SET TIME_ZONE='+00:00' */;
/*!40014 SET @OLD_FOREIGN_KEY_CHECKS=@@FOREIGN_KEY_CHECKS, FOREIGN_KEY_CHECKS=0 */;
/*!40101 SET @OLD_SQL_MODE=@@SQL_MODE, SQL_MODE='NO_AUTO_VALUE_ON_ZERO' */;
/*!40111 SET @OLD_SQL_NOTES=@@SQL_NOTES, SQL_NOTES=0 */;

--  テーブル sfa.bp_contacts の構造をダンプしています
DROP TABLE IF EXISTS `bp_contacts`;
CREATE TABLE IF NOT EXISTS `bp_contacts` (
  `id` int(11) NOT NULL AUTO_INCREMENT,
  `bp_id` int(11) NOT NULL COMMENT 'BPのID',
  `name` varchar(255) NOT NULL COMMENT 'BP担当者',
  `kana` varchar(255) NOT NULL COMMENT 'BP担当者カナ',
  `email` varchar(255) NOT NULL COMMENT 'メールアドレス',
  `mobile_phone` varchar(50) DEFAULT NULL COMMENT '携帯番号',
  `landline_phone` varchar(50) DEFAULT NULL COMMENT '固定電話',
  `position` varchar(255) DEFAULT NULL COMMENT '役職',
  `note` text DEFAULT NULL,
  `status` int(11) NOT NULL,
  `created` datetime NOT NULL,
  `created_id` char(50) NOT NULL,
  `modified` datetime DEFAULT NULL,
  `modified_id` char(50) DEFAULT NULL,
  PRIMARY KEY (`id`)
) ENGINE=InnoDB AUTO_INCREMENT=69 DEFAULT CHARSET=utf8mb4 COLLATE=utf8mb4_general_ci;

-- テーブル sfa.bp_contacts: ~68 rows (約) のデータをダンプしています
INSERT INTO `bp_contacts` (`id`, `bp_id`, `name`, `kana`, `email`, `mobile_phone`, `landline_phone`, `position`, `note`, `status`, `created`, `created_id`, `modified`, `modified_id`) VALUES
	(1, 1, '安留 世菜', 'ヤストメ セナ', 'yasutome_sena@b-engineer.com', '080-6549-5875', '03-6416-0325', '', '', 1, '2026-04-01 11:00:00', '1\r', '2026-04-15 11:00:00', '1'),
	(2, 85, '鶴田 大祐', 'ツルタ ダイスケ', 'd.tsuruta@dek-inc.jp', '090-3869-6885', '03-6820-6901', NULL, NULL, 1, '2026-04-01 11:00:00', '1\r', NULL, NULL),
	(3, 67, '岡田 崚', 'オカダ リョウ', 'r.okada@delight-x.co.jp', '080-7273-0266', '', NULL, NULL, 1, '2026-04-01 11:00:00', '1\r', NULL, NULL),
	(4, 5, '蚊野 塁', 'カノ ルイ', 'ri-kano@dexall.co.jp', '070-2174-6108', '03-6824-7325', NULL, NULL, 1, '2026-04-01 11:00:00', '1\r', NULL, NULL),
	(5, 90, '片山 綾', 'カタヤマ アヤ', 'a_katayama@fstyle-inc.jp', '090-9133-3796', '080-5013-8706', '', '', 1, '2026-04-01 11:00:00', '1\r', '2026-04-15 11:00:00', '1'),
	(6, 8, '大久保 遼', 'オオクボ リョウ', 'r_okubo@hub-career.com', '080-7013-4486', '03-5422-6284', NULL, NULL, 1, '2026-04-01 11:00:00', '1\r', NULL, NULL),
	(7, 71, '関根 肇', 'セキネ ハジメ', 'h-sekine@jutjoy.com', '080-4874-0453', '', NULL, NULL, 1, '2026-04-01 11:00:00', '1\r', NULL, NULL),
	(8, 87, '神崎 弘樹', 'カンザキ ヒロキ', 'sales@kaming-corp.com', '080-3464-3334', '03-4405-8014', NULL, NULL, 1, '2026-04-01 11:00:00', '1\r', NULL, NULL),
	(9, 58, '譚 克菲', 'タン ケフェイ', 'tan-kefei@lui-alain.co.jp', '080-9067-4377', '047-407-4903', NULL, NULL, 1, '2026-04-01 11:00:00', '1\r', NULL, NULL),
	(10, 9, '西村 公希', 'ニシムラ コウキ', 'nishimura.koki@l-ds.jp', '080-3730-5194', '03-6268-9050', '', '', 1, '2026-04-01 11:00:00', '1\r', '2026-04-13 11:00:00', '1'),
	(11, 10, '半田 弘幸', 'ハンダ ヒロユキ', 'handa_hiroyuki@mhsolutions.co.jp', '090-3221-5550', '03-6450-2481', NULL, NULL, 1, '2026-04-01 11:00:00', '1\r', NULL, NULL),
	(12, 73, '南 夏輝', 'ミナミ ナツキ', 'minami@miraie-group.jp', '070-1270-4056', '03-5774-6300', NULL, NULL, 1, '2026-04-01 11:00:00', '1\r', NULL, NULL),
	(13, 11, '宇田川 生', 'ウダガワ イク', 'iku.udagawa@nautik.co.jp', '080-7363-3335', '03-3518-9419', NULL, NULL, 1, '2026-04-01 11:00:00', '1\r', NULL, NULL),
	(14, 13, '林 里奈', 'ハヤシ リナ', 'hayashi_rina@mcea.co.jp', '070-8685-0887', '03-3473-9877', NULL, NULL, 1, '2026-04-01 11:00:00', '1\r', NULL, NULL),
	(15, 83, '木村 晴哉', 'キムラ セイヤ', 'seiya-kimura@playtree.jp', '070-2668-3393', '03-4446-2108', NULL, NULL, 1, '2026-04-01 11:00:00', '1\r', NULL, NULL),
	(16, 54, '三浦 広大', 'ミウラ コウダイ', 'miura.kodai@relation2012.com', '080-4127-0491', '', NULL, NULL, 1, '2026-04-01 11:00:00', '1\r', NULL, NULL),
	(17, 65, '前田 晃希', 'マエダ コウキ', 'maeda@respawn.jp', '070-1444-0061', '03-5812-4893', NULL, NULL, 1, '2026-04-01 11:00:00', '1\r', NULL, NULL),
	(18, 14, '鈴木 貴也', 'スズキ タカヤ', 't_suzuki@riding.co.jp', '080-3279-2127', '03-6433-7542', NULL, NULL, 1, '2026-04-01 11:00:00', '1\r', NULL, NULL),
	(19, 77, '安倍 郷基', 'アベ ゴウキ', 'goki-ambe@wytel.jp', '080-4339-7272', '03-5734-1982', NULL, NULL, 1, '2026-04-01 11:00:00', '1\r', NULL, NULL),
	(20, 17, '大西 雅也', 'オオニシ マサヤ', 'ohnishi@igroove.co.jp', '080-7392-1226', '03-4540-1248', '', '', 1, '2026-04-01 11:00:00', '1\r', '2026-04-15 11:00:00', '1'),
	(21, 22, '五嶋 琢磨', 'ゴトウ タクマ', 't_goto@allit.co.jp', '070-5014-2481', '03-5213-4755', '', '', 1, '2026-04-01 11:00:00', '1\r', '2026-04-15 11:00:00', '1'),
	(22, 23, '川音 勇稀', 'カワオト ユウキ', 'y.kawaoto@ism-sol.jp', '070-4813-2154', '', NULL, NULL, 1, '2026-04-01 11:00:00', '1\r', NULL, NULL),
	(23, 68, '野澤 奈穂', 'ノザワ ナホ', 'n_nozawa@8grp.co.jp', '080-4191-4175', '03-6433-5025', '', '', 1, '2026-04-01 11:00:00', '1\r', '2026-06-01 14:01:10', '13'),
	(24, 25, '押山 純一', 'オシヤマ ジュンイチ', 'j-oshiyama@a-sol-jp.com', '080-3536-7697', '', NULL, NULL, 1, '2026-04-01 11:00:00', '1\r', NULL, NULL),
	(25, 27, '今原 大輝', 'イマハラ ダイキ', 'daiki.imahara@careerbeat.jp', '070-6644-8460', '03-6433-5998', NULL, NULL, 1, '2026-04-01 11:00:00', '1\r', NULL, NULL),
	(26, 72, '新田 龍生', 'ニッタ リュウセイ', 'ryusei.nitta@cw-consulting.co.jp', '080-4953-7791', '03-5155-0305', '', '', 1, '2026-04-01 11:00:00', '1\r', '2026-04-13 11:00:00', '1'),
	(27, 72, '小田部 純', 'オタベ ジュン', 'jun.otabe@cw-consulting.co.jp', '080-4942-1363', '03-5155-0305', '', '', 1, '2026-04-01 11:00:00', '1\r', '2026-04-15 11:00:00', '1'),
	(28, 29, '中家 和馬', 'ナカイエ カズマ', 'nakaieka@granthope.jp', '070-3784-2016', '03-6914-2482', NULL, NULL, 1, '2026-04-01 11:00:00', '1\r', NULL, NULL),
	(29, 82, '熊谷 洋孝', 'クマガイ ヒロタカ', 'h.kumagai@coresync.co.jp', '070-8328-5264', '03-3527-1245', NULL, NULL, 1, '2026-04-01 11:00:00', '1\r', NULL, NULL),
	(30, 33, '田中 守', 'タナカ マモル', 'ma-tanaka@comcosystem.co.jp', '070-4364-6116', '', NULL, NULL, 1, '2026-04-01 11:00:00', '1\r', NULL, NULL),
	(31, 91, '齊藤 礼子', 'サイトウ レイコ', 'reiko-saito2@cimtech.co.jp', '070-2362-9010', '03-5537-7558', '', '', 1, '2026-04-01 11:00:00', '1\r', '2026-04-17 13:42:12', '1'),
	(32, 37, '菅原 大輔', 'スガワラ ダイスケ', 'd-sugawara@tailwind.co.jp', '070-2264-3539', '042-548-1511', NULL, NULL, 1, '2026-04-01 11:00:00', '1\r', NULL, NULL),
	(33, 88, '半田 雄也', 'ハンダ ユウヤ', 'sales2@technication.co.jp', '070-9351-7027', '', NULL, NULL, 1, '2026-04-01 11:00:00', '1\r', NULL, NULL),
	(34, 75, '吉川 亜衣', 'ヨシカワ アイ', 'a.yoshikawa@techedu.co.jp', '090-6669-5223', '03-4590-7644', NULL, NULL, 1, '2026-04-01 11:00:00', '1\r', NULL, NULL),
	(35, 39, '本島 直樹', 'モトジマ ナオキ', 'nm0201@techbiz.com', '090-5940-1656', '03-6303-0925', NULL, NULL, 1, '2026-04-01 11:00:00', '1\r', NULL, NULL),
	(36, 39, '有賀 靖高', 'アリガ ヤスタカ', 'ya0716@techbiz.com', '090-6512-1893', '03-6303-0925', NULL, NULL, 1, '2026-04-01 11:00:00', '1\r', NULL, NULL),
	(37, 39, '田原 幸樹', 'タハラ コウキ', 'kt0726@techbiz.com', '080-2917-2958', '03-6303-0925', NULL, NULL, 1, '2026-04-01 11:00:00', '1\r', NULL, NULL),
	(38, 39, '小林 未来', 'コバヤシ ミキ', 'mk0607@techbiz.com', '080-4321-0607', '03-6303-0925', NULL, NULL, 1, '2026-04-01 11:00:00', '1\r', NULL, NULL),
	(39, 39, '長井 竜樹', 'ナガイ リュウジュ', 'rn1109@techbiz.com', '080-6517-9915', '03-6303-0925', NULL, NULL, 1, '2026-04-01 11:00:00', '1\r', NULL, NULL),
	(40, 39, '米田 準平', 'ヨネダ ジュンペイ', 'jy1220@techbiz.com', '090-2072-1021', '03-6303-0925', NULL, NULL, 1, '2026-04-01 11:00:00', '1\r', NULL, NULL),
	(41, 39, '上田 伊織', 'ウエダ イオリ', 'iu0210@techbiz.com', '080-8636-9985', '03-6303-0925', NULL, NULL, 1, '2026-04-01 11:00:00', '1\r', NULL, NULL),
	(42, 39, '松本 光', 'マツモト ヒカル', 'hm0723@techbiz.com', '070-8960-2163', '03-6303-0925', NULL, NULL, 1, '2026-04-01 11:00:00', '1\r', NULL, NULL),
	(43, 39, '新地 あゆみ', 'シンチ アユミ', 'as1026@techbiz.com', '080-3171-9821', '03-6303-0925', NULL, NULL, 1, '2026-04-01 11:00:00', '1\r', NULL, NULL),
	(44, 39, '乾 美樹', 'イヌイ ミキ', 'mi1206@techbiz.com', '070-8510-8339', '03-6303-0925', NULL, NULL, 1, '2026-04-01 11:00:00', '1\r', NULL, NULL),
	(45, 39, '加藤 歩武', 'カトウ アユム', 'ak0110@techbiz.com', '090-9976-3879', '03-6303-0925', NULL, NULL, 1, '2026-04-01 11:00:00', '1\r', NULL, NULL),
	(46, 39, '神 さとみ', 'ジン サトミ', 'sj0304@techbiz.com', '080-3938-0304', '03-6303-0925', NULL, NULL, 1, '2026-04-01 11:00:00', '1\r', NULL, NULL),
	(47, 39, '国正 拓也', 'クニショウ タクヤ', 'tk0917@techbiz.com', '080-9646-1827', '03-6303-0925', '', '', 1, '2026-04-01 11:00:00', '1\r', '2026-04-15 11:00:00', '1'),
	(48, 39, '米倉 知宏', 'ヨネクラ チヒロ', 'cy0128@techbiz.com', '090-2093-1399', '03-6303-0925', '', '', 1, '2026-04-01 11:00:00', '1\r', '2026-04-15 11:00:00', '1'),
	(49, 39, '日野 龍文', 'ヒノ タツフミ', 'th0806@techbiz.com', '090-9917-1563', '03-6303-0925', NULL, NULL, 1, '2026-04-01 11:00:00', '1\r', NULL, NULL),
	(50, 39, '生津 大知', 'ナマツ ダイチ', 'dn0517@techbiz.com', '080-8493-2414', '03-6303-0925', '', '', 1, '2026-04-01 11:00:00', '1\r', '2026-04-15 11:00:00', '1'),
	(51, 39, '鶴見 綾香', 'ツルミ アヤカ', 'at0427@techbiz.com', '090-6169-1777', '03-6303-0925', NULL, NULL, 1, '2026-04-01 11:00:00', '1\r', NULL, NULL),
	(52, 84, '小池 麻琴', 'コイケ マコト', 'm-koike@dream-v.co.jp', '070-1434-0714', '', NULL, NULL, 1, '2026-04-01 11:00:00', '1\r', NULL, NULL),
	(53, 89, '佐藤 亜希子', 'サトウ アキコ', 'admin@icz.co.jp', '070-5543-7300', '03-6278-7981', '', '', 1, '2026-04-01 11:00:00', '1\r', '2026-04-15 11:00:00', '1'),
	(54, 74, '横山 陽祐', 'ヨコヤマ ヨウスケ', 'y.yokoyama@clear-inc.site', '080-9694-8819', '', NULL, NULL, 1, '2026-04-01 11:00:00', '1\r', NULL, NULL),
	(55, 43, '鈴木 伸嘉', 'スズキ ノブヨシ', 'suzuki@prancer.co.jp', '090-9240-5534', '03-3526-2537', NULL, NULL, 1, '2026-04-01 11:00:00', '1\r', NULL, NULL),
	(56, 44, '橋爪 拓也', 'ハシヅメ タクヤ', 'hashizume@blissiate.co.jp', '080-5816-6707', '', NULL, NULL, 1, '2026-04-01 11:00:00', '1\r', NULL, NULL),
	(57, 57, '鶴田 健将', 'ツルタ ケンショウ', 'eigyo@fresshi.jp', '080-3589-2385', '', '', '', 1, '2026-04-01 11:00:00', '1\r', '2026-04-24 16:57:48', '13'),
	(58, 45, '齋藤 瞭', 'サイトウ アキラ', 'a.saito@h-basis.co.jp', '090-4404-1855', '03-6459-3728', NULL, NULL, 1, '2026-04-01 11:00:00', '1\r', NULL, NULL),
	(59, 45, '杉野 綾香', 'スギノ アヤカ', 'sugino@h-basis.co.jp', '090-6292-8563', '03-6459-3728', NULL, NULL, 1, '2026-04-01 11:00:00', '1\r', NULL, NULL),
	(60, 63, '桂田 優杏', 'カツラダ ユウア', 'katsurada@route-zero.com', '070-6401-4701', '', '', '', 1, '2026-04-01 11:00:00', '1\r', '2026-04-15 11:00:00', '1'),
	(61, 48, '村田 優作', 'ムラタ ユウサク', 'yusaku.murata@levtech.jp', '080-4878-5978', '', NULL, NULL, 1, '2026-04-01 11:00:00', '1\r', NULL, NULL),
	(62, 78, '吉田 遥花', 'ヨシダ ハルカ', 'h_yoshida@lepra.jp', '080-9657-5757', '03-5951-5757', NULL, NULL, 1, '2026-04-01 11:00:00', '1\r', NULL, NULL),
	(63, 49, '新居 千佳', 'アライ チカ', 'arai.ch@kanamekey.com', '080-3727-5822', '03-6280-5822', NULL, NULL, 1, '2026-04-01 11:00:00', '1\r', NULL, NULL),
	(64, 39, '岸部 由貴', 'キシベ ユキ', 'yk1018@techbiz.com', '070-1515-9391', '03-6303-0925', '6', '', 1, '2026-04-27 16:07:50', '13', '2026-04-27 16:15:40', '13'),
	(65, 93, '武富 尭', 'タケトミ タカシ', 't_taketomi@lfield.co.jp', '080-3541-8399', '', '6', '', 1, '2026-05-21 10:41:33', '12', '2026-05-22 17:16:48', '12'),
	(66, 92, '椎橋 隆司', 'シイバシ リュウジ', 'ryuji@trance.co.jp', '090-8815-2908', '03-5226-0103', '1', '', 1, '2026-05-21 11:25:22', '14', '2026-05-21 11:25:22', NULL),
	(67, 48, '小野 海斗', 'オノ カイト', 'kaito.ono@levtech.jp', '080-4876-8524', '03-5774-1762', '6', '', 1, '2026-05-21 11:28:00', '14', '2026-05-21 11:31:46', '14'),
	(68, 94, '佐藤 健太', 'サトウ ケンタ', 'sato@eee333.co.jp', '070-4446-1279', '045-532-6012', '5', '', 1, '2026-05-21 16:16:20', '12', '2026-05-21 16:16:20', NULL);

--  テーブル sfa.bps の構造をダンプしています
DROP TABLE IF EXISTS `bps`;
CREATE TABLE IF NOT EXISTS `bps` (
  `id` int(11) NOT NULL AUTO_INCREMENT,
  `name` varchar(255) NOT NULL,
  `kana` varchar(255) NOT NULL,
  `url` varchar(255) DEFAULT NULL,
  `invoice_number` bigint(20) NOT NULL,
  `note` text DEFAULT NULL,
  `status` int(11) NOT NULL,
  `created` datetime NOT NULL,
  `created_id` char(50) NOT NULL,
  `modified` datetime DEFAULT NULL,
  `modified_id` char(50) DEFAULT NULL,
  PRIMARY KEY (`id`)
) ENGINE=InnoDB AUTO_INCREMENT=95 DEFAULT CHARSET=utf8mb4 COLLATE=utf8mb4_general_ci;

-- テーブル sfa.bps: ~92 rows (約) のデータをダンプしています
INSERT INTO `bps` (`id`, `name`, `kana`, `url`, `invoice_number`, `note`, `status`, `created`, `created_id`, `modified`, `modified_id`) VALUES
	(1, '株式会社Branding Engineer', 'ブランディングエンジニア', 'https://b-engineer.co.jp/', 6011001149902, '', 1, '2025-03-01 11:00:00', '1', '2025-03-02 11:00:00', NULL),
	(2, '株式会社BTM', 'ビーティーエム', 'https://www.b-tm.co.jp/', 4010701025456, '', 1, '2025-03-01 11:00:00', '1', '2025-03-01 11:00:00', NULL),
	(3, '株式会社CIRCLIDE', 'サークライド', 'https://circlide.jp/', 1011101089053, '', 1, '2025-03-01 11:00:00', '1', '2025-11-27 11:00:00', '8'),
	(4, '株式会社CLOCK・IT', 'クロックイット', 'https://clock-it.jp/', 7011001110020, '2025/10/1\r\nCLOCK・ITがインゲートに吸収合併され、\r\nさらにインゲート→クラウドワークス コンサルティングへ社名変更', 0, '2025-03-01 11:00:00', '1', '2025-10-10 11:00:00', '1'),
	(5, '株式会社Dexall', 'デクサル', 'https://dexall.co.jp/', 2180001144891, '', 1, '2025-03-01 11:00:00', '1', '2025-03-01 11:00:00', NULL),
	(6, '株式会社FindConsulting', 'ファインドコンサルティング', 'https://findconsul.com/', 7120001229248, '', 1, '2025-03-01 11:00:00', '1', '2025-03-01 11:00:00', NULL),
	(7, '株式会社GoingN', 'ゴーイングエヌ', 'https://www.goingn.co.jp/', 7011001105417, '', 1, '2025-03-01 11:00:00', '1', '2025-03-01 11:00:00', NULL),
	(8, 'HUBキャリア株式会社', 'ハブキャリア', 'https://hub-career.co.jp/', 7010403011017, '', 1, '2025-03-01 11:00:00', '1', '2025-03-01 11:00:00', NULL),
	(9, '株式会社LDS', 'エルディーエス', 'https://l-ds.jp/', 3010001107690, '', 1, '2025-03-01 11:00:00', '1', '2025-11-27 11:00:00', '8'),
	(10, 'MHソリューションズ株式会社', 'エムエイチソリュションズ', 'https://www.mhsolutions.co.jp/', 5020001082667, '', 1, '2025-03-01 11:00:00', '1', '2025-03-01 11:00:00', NULL),
	(11, '株式会社Nautik', 'ノーティック', 'https://nautik.co.jp/', 2010001200083, '', 1, '2025-03-01 11:00:00', '1', '2025-11-27 11:00:00', '8'),
	(12, '株式会社ONE WEDGE', 'ワンウェッジ', 'https://onewedge.co.jp/', 7410001007343, '', 1, '2025-03-01 11:00:00', '1', '2025-03-01 11:00:00', NULL),
	(13, '株式会社PE-BANK', 'ピーイーバンク', 'https://pe-bank.co.jp/', 3010401072171, '', 1, '2025-03-01 11:00:00', '1', '2025-03-01 11:00:00', NULL),
	(14, '株式会社Riding', 'ライディング', 'https://riding.co.jp/', 6010401134448, '', 1, '2025-03-01 11:00:00', '1', '2025-11-27 11:00:00', '8'),
	(15, 'SPI株式会社', 'エスピーアイ', 'https://spi-jp.com/', 3010001127747, '', 0, '2025-03-01 11:00:00', '1', '2025-11-26 11:00:00', '1'),
	(16, '株式会社TECHTONE', 'テクトン', 'https://www.techtone.biz/', 2011101055021, '', 1, '2025-03-01 11:00:00', '1', '2025-03-01 11:00:00', NULL),
	(17, '株式会社アイグルーヴ', 'アイグルーヴ', 'https://www.igroove.co.jp/', 7010401130768, '', 1, '2025-03-01 11:00:00', '1', '2025-11-27 11:00:00', '8'),
	(18, '株式会社アイスタンダード', 'アイスタンダード', 'https://www.i-standard.jp/', 5020001099190, '', 1, '2025-03-01 11:00:00', '1', '2025-11-27 11:00:00', '8'),
	(19, '株式会社アイビス', 'アイビス', 'https://i-bis.jp/', 3010002010547, '', 1, '2025-03-01 11:00:00', '1', '2025-03-01 11:00:00', NULL),
	(20, '株式会社アコミック', 'アコミック', 'https://acomic.co.jp/', 7011101092902, '', 1, '2025-03-01 11:00:00', '1', '2025-11-27 11:00:00', '8'),
	(21, '株式会社アピリッツ', 'アピリッツ', 'https://appirits.com/', 4011001065192, '', 1, '2025-03-01 11:00:00', '1', '2025-03-01 11:00:00', NULL),
	(22, '株式会社アライアンス', 'アライアンス', 'https://www.allit.co.jp/', 9011001060957, '', 1, '2025-03-01 11:00:00', '1', '2025-03-01 11:00:00', NULL),
	(23, '株式会社イズム', 'イズム', 'https://www.ism-jp.com/', 7010001036952, '', 1, '2025-03-01 11:00:00', '1', '2025-10-07 11:00:00', '5'),
	(24, 'インターノウス株式会社', 'インターノウス', 'https://www.internous.co.jp/', 8010401077182, '', 1, '2025-03-01 11:00:00', '1', '2025-03-01 11:00:00', NULL),
	(25, 'エーソル株式会社', 'エーソル', 'https://www.a-sol-jp.com/', 7013301021995, '', 1, '2025-03-01 11:00:00', '1', '2025-03-01 11:00:00', NULL),
	(26, '株式会社キーワードジャパン', 'キーワードジャパン', 'https://www.keywordjapan.co.jp/', 8013301016144, '', 1, '2025-03-01 11:00:00', '1', '2025-03-01 11:00:00', NULL),
	(27, '株式会社キャリアビート', 'キャリアビート', 'https://careerbeat.jp/', 2350001014474, '', 1, '2025-03-01 11:00:00', '1', '2025-03-01 11:00:00', NULL),
	(28, '株式会社クオリア・グローバル・エージェンシー', 'クオリア・グローバル・エージェンシー', 'https://qualia-ga.co.jp/', 7010001133477, '', 1, '2025-03-01 11:00:00', '1', '2025-03-01 11:00:00', NULL),
	(29, '株式会社グラントホープ', 'グラントホープ', 'https://www.granthope.jp/', 2011401013661, '', 1, '2025-03-01 11:00:00', '1', '2025-11-27 11:00:00', '8'),
	(30, '株式会社クリアトライ', 'クリアトライ', 'https://www.cleartry.co.jp/', 4011101084043, '', 1, '2025-03-01 11:00:00', '1', '2025-11-27 11:00:00', '8'),
	(31, '株式会社ゲートスカイ', 'ゲートスカイ', 'https://gatesky.jp/', 4010001212795, '', 1, '2025-03-01 11:00:00', '1', '2025-03-01 11:00:00', NULL),
	(32, '株式会社ココナラテック', 'ココナラテック', 'https://tech.coconala.co.jp/', 5010401091995, '', 1, '2025-03-01 11:00:00', '1', '2025-03-01 11:00:00', NULL),
	(33, '株式会社コムコシステム', 'コムコシステム', 'https://www.comcosystem.co.jp/', 2010601028981, '', 1, '2025-03-01 11:00:00', '1', '2025-03-01 11:00:00', NULL),
	(34, 'ジオメトリシステムズ株式会社', 'ジオメトリシステムズ', 'https://www.geometrysystems.co.jp/', 6012801006482, '', 1, '2025-03-01 11:00:00', '1', '2025-11-27 11:00:00', '8'),
	(35, '株式会社セイル', 'セイル', 'https://sail-to.co.jp/', 3011001107598, '', 1, '2025-03-01 11:00:00', '1', '2025-03-01 11:00:00', NULL),
	(36, '株式会社ダイナミクス・コンサルティング', 'ダイナミクス・コンサルティング', 'https://www.dyna-mix.jp/', 2010001178733, '', 1, '2025-03-01 11:00:00', '1', '2025-03-01 11:00:00', NULL),
	(37, '株式会社テイルウィンドシステム', 'テイルウィンドシステム', 'https://www.tailwind.co.jp/', 8012801006761, '', 1, '2025-03-01 11:00:00', '1', '2025-03-01 11:00:00', NULL),
	(38, '株式会社テクニケーション', 'テクニケーション', 'https://www.technication.co.jp/', 6040003006398, '2026/3/1\r\n社名変更(テクニケーション→テクニケーションシード)', 0, '2025-03-01 11:00:00', '1', '2026-02-27 11:00:00', '5'),
	(39, '株式会社テックビズ', 'テックビズ', 'https://techbiz.com/', 3011001129824, '', 1, '2025-03-01 11:00:00', '1', '2025-03-01 11:00:00', NULL),
	(40, '株式会社ハイウェル', 'ハイウェル', 'https://www.hiwell.co.jp/', 3010401069647, '2025/11/4\r\n社名変更(ハイウェル→Kaizen Tech Argent)', 0, '2025-03-01 11:00:00', '1', '2026-02-02 11:00:00', '2'),
	(41, '株式会社ビズリンク', 'ビズリンク', 'https://corp.bizlink.io/', 8010001166914, '', 1, '2025-03-01 11:00:00', '1', '2025-03-01 11:00:00', NULL),
	(42, '株式会社プラウドデータ', 'プラウドデータ', 'https://www.proud-g.jp/pda.php', 1011001096686, '', 1, '2025-03-01 11:00:00', '1', '2025-04-26 11:00:00', '1'),
	(43, '株式会社プランサー', 'プランサー', 'https://www.prancer.co.jp/', 4011001097938, '', 1, '2025-03-01 11:00:00', '1', '2025-11-27 11:00:00', '8'),
	(44, '株式会社ブリシエイト', 'ブリシエイト', 'https://blissiate.co.jp/', 6010501038029, '', 1, '2025-03-01 11:00:00', '1', '2025-11-27 11:00:00', '8'),
	(45, '株式会社ヘルスベイシス', 'ヘルスベイシス', 'https://h-basis.co.jp/', 4010401150918, '', 1, '2025-03-01 11:00:00', '1', '2026-05-12 17:33:34', '1'),
	(46, '株式会社リンクテック', 'リンクテック', 'https://linktech.co.jp/', 6040001099130, '', 1, '2025-03-01 11:00:00', '1', '2025-03-01 11:00:00', NULL),
	(47, '株式会社レナータ', 'レナータ', 'https://renata.co.jp/', 3011001112375, '', 1, '2025-03-01 11:00:00', '1', '2025-11-27 11:00:00', '8'),
	(48, 'レバテック株式会社', 'レバテック', 'https://levtech.co.jp/', 8011001117766, '', 1, '2025-03-01 11:00:00', '1', '2025-03-01 11:00:00', NULL),
	(49, '株式会社要', 'カナメ', 'https://kanamekey.com/', 1011101056961, '', 1, '2025-03-01 11:00:00', '1', '2025-11-27 11:00:00', '8'),
	(50, '株式会社フォスターネット', 'フォスターネット', 'https://www.foster-net.co.jp/', 7011101056048, '', 1, '2025-03-01 11:00:00', '1', '2025-03-01 11:00:00', NULL),
	(51, '株式会社アクロフロンティア', 'アクロフロンティア', 'https://acro-frontier.com/', 9010001170618, '', 1, '2025-03-19 11:00:00', '1', '2025-03-19 11:00:00', NULL),
	(52, '株式会社ライブエスト', 'ライブエスト', 'https://live-est.com/', 5030001093309, '', 1, '2025-03-28 11:00:00', '1', '2025-03-28 11:00:00', NULL),
	(53, '株式会社オータム', 'オータム', 'https://autumn-co.jp/', 3010401155959, '', 1, '2025-03-29 11:00:00', '1', '2025-11-27 11:00:00', '8'),
	(54, '株式会社relation', 'リレーション', 'https://www.relation2012.com/', 3140003008750, '', 1, '2025-04-08 11:00:00', '1', '2025-04-08 11:00:00', NULL),
	(55, '株式会社CONVICTION', 'コンヴィクション', 'https://www.conviction-inc.com/', 5011101090759, 'フーバーブレイン(東証グロース/3927)の子会社', 1, '2025-04-15 11:00:00', '1', '2025-11-27 11:00:00', '8'),
	(56, '3LINKS株式会社', 'スリーリンクス', 'https://3links.co.jp/', 6010401177934, '', 1, '2025-04-23 11:00:00', '1', '2025-04-23 11:00:00', NULL),
	(57, '株式会社フレッシー', 'フレッシー', 'https://fresshi.jp/', 2011601025390, '', 1, '2025-04-25 11:00:00', '1', '2025-11-27 11:00:00', '8'),
	(58, 'LA情報システム株式会社', 'エルエージョウホウシステム', 'https://www.lui-alain.co.jp/', 1011701008387, '', 1, '2025-04-25 11:00:00', '1', '2025-04-25 11:00:00', NULL),
	(59, '株式会社ユニコーンテクノロジー', 'ユニコーンテクノロジー', 'https://www.unicorn-tech.co.jp/', 5010001251289, '', 1, '2025-05-13 11:00:00', '1', '2025-05-13 11:00:00', NULL),
	(60, '株式会社ベータシステム', 'ベータシステム', 'https://www.betasystem.co.jp/', 1013201012035, '', 1, '2025-05-13 11:00:00', '1', '2025-05-13 11:00:00', NULL),
	(61, 'JOY FOR JOY株式会社', 'ジョイフォオジョイ', 'https://j4j.co.jp/', 9010801029476, '', 1, '2025-06-11 11:00:00', '1', '2025-11-27 11:00:00', '8'),
	(62, '株式会社アリス', 'アリス', 'https://a-lice.jp/', 7011701025162, '', 1, '2025-06-14 11:00:00', '1', '2025-06-14 11:00:00', NULL),
	(63, '株式会社ルートゼロ', 'ルートゼロ', 'https://route-zero.com/', 8120001196669, '', 1, '2025-06-21 11:00:00', '1', '2025-06-21 11:00:00', NULL),
	(64, '株式会社Arkanoids', 'アルカノイズ', 'https://arkanoids.jp/', 6011101085626, '', 1, '2025-06-27 11:00:00', '1', '2025-11-27 11:00:00', '8'),
	(65, '株式会社Respawn', 'リスポーン', 'https://respawn.jp/', 3010001174624, '', 1, '2025-07-16 11:00:00', '1', '2025-07-16 11:00:00', NULL),
	(66, '株式会社Ksync', 'ケーシンク', 'https://k-sync.com/', 7011001146618, '', 1, '2025-07-18 11:00:00', '1', '2025-07-18 11:00:00', '1'),
	(67, '株式会社Delight', 'ディライト', 'https://delight21.co.jp/', 3013301040248, '', 1, '2025-07-30 11:00:00', '1', '2025-11-27 11:00:00', '8'),
	(68, '株式会社エイト', 'エイト', 'https://8grp.co.jp/', 9010001117057, '', 1, '2025-07-30 11:00:00', '1', '2025-07-30 11:00:00', NULL),
	(69, '株式会社アドシード', 'アドシード', 'https://www.adseed.co.jp/', 5011601020991, '', 1, '2025-07-31 11:00:00', '1', '2025-07-31 11:00:00', NULL),
	(70, '合同会社DEK(合)', 'デック', 'https://dek-inc.jp/', 4011003021111, '2025/12/3\r\n社名変更(合同会社DEK→株式会社DEK)', 0, '2025-09-02 11:00:00', '1', '2026-01-27 11:00:00', '2'),
	(71, '株式会社JUT JOY', 'ジャットジョイ', 'https://jutjoy.com/', 7011101092480, '', 1, '2025-09-22 11:00:00', '5', '2025-11-27 11:00:00', '8'),
	(72, '株式会社クラウドワークス コンサルティング', 'クラウドワークス コンサルティング', 'https://cw-consulting.co.jp/', 6010001099281, '2025/10/1\r\nCLOCK・ITがインゲートに吸収合併され、\r\nさらにインゲート→クラウドワークス コンサルティングへ社名変更', 1, '2025-10-09 11:00:00', '5', '2025-10-10 11:00:00', '1'),
	(73, '株式会社Miraie', 'ミライエ', 'https://www.miraie-group.jp/', 6030001013546, '', 1, '2025-11-18 11:00:00', '5', '2026-03-23 11:00:00', '5'),
	(74, '株式会社フラット', 'カブシキガイシャフラット', 'https://flat-inc.site/', 6011001139705, '', 1, '2025-11-18 11:00:00', '3', '2025-11-27 11:00:00', '8'),
	(75, '株式会社テックエデュケイションカンパニー', 'テックエデュケイションカンパニー', 'https://techedu.co.jp/', 1122001026424, '', 1, '2025-11-21 11:00:00', '5', '2025-11-21 11:00:00', NULL),
	(76, '株式会社シムテック', 'シムテック', 'https://www.cimtech.co.jp/', 9010001088570, '2026/3/2\r\n社名変更(シムテック→CRAFT MILES)', 0, '2025-11-25 11:00:00', '5', '2026-04-17 13:21:47', '1'),
	(77, '株式会社Wytel', 'ワイテル', 'https://www.wytel.jp/', 4011001097748, '', 1, '2025-12-08 11:00:00', '5', '2025-12-08 11:00:00', NULL),
	(78, 'レプラホーン株式会社', 'レプラホーン', 'https://lepra.jp/', 3013301025224, '', 1, '2025-12-09 11:00:00', '3', '2025-12-09 11:00:00', NULL),
	(81, '株式会社グッドワークス', 'グッドワークス', 'https://www.good-works.co.jp/', 3010001127111, '', 1, '2025-12-22 11:00:00', '2', '2025-12-22 11:00:00', NULL),
	(82, '株式会社コアシンク', 'コアシンク', 'https://www.coresync.co.jp/', 9011001061930, '', 1, '2025-12-25 11:00:00', '5', '2025-12-25 11:00:00', NULL),
	(83, '株式会社PlayTree', 'プレイツリー', 'https://www.playtree.jp/', 1011001129074, '', 1, '2026-01-14 11:00:00', '5', '2026-01-14 11:00:00', NULL),
	(84, 'ドリームビジョン株式会社', 'ドリームビジョン', 'https://www.dream-v.co.jp/', 1010001118120, '', 1, '2026-01-16 11:00:00', '5', '2026-01-16 11:00:00', NULL),
	(85, '株式会社DEK', 'デック', 'https://dek-inc.jp/', 4011003021111, '2025/12/3\r\n組織変更(合同会社DEK→株式会社DEK)', 1, '2026-01-27 11:00:00', '2', '2026-01-27 11:00:00', NULL),
	(86, '株式会社Kaizen Tech Agent', 'カイゼンテックエージェント', 'https://kaizentech.co.jp/', 3010401069647, '2025/11/4\r\n社名変更(ハイウェル→Kaizen Tech Argent)', 1, '2026-02-02 11:00:00', '2', '2026-02-02 11:00:00', NULL),
	(87, '株式会社KAMING', 'カミング', 'https://kaming-corp.com/', 4011003005147, '', 1, '2026-02-20 11:00:00', '12', '2026-02-20 11:00:00', NULL),
	(88, '株式会社テクニケーションシード', 'テクニケーションシード', 'https://www.technication.co.jp/', 6040003006398, '2026/3/1\r\n社名変更(テクニケーション→テクニケーションシード)', 1, '2026-02-27 11:00:00', '5', '2026-02-27 11:00:00', NULL),
	(89, 'ナビッピドットコム株式会社', 'ナビッピドットコム', 'https://www.navi-p.com/homepage/', 5010401048483, '', 1, '2026-03-23 11:00:00', '12', '2026-03-23 11:00:00', NULL),
	(90, '株式会社FreeStyle', 'カブシキガイシャフリースタイル', 'https://fstyle-inc.jp/', 5010401142625, '', 1, '2026-03-23 11:00:00', '13', '2026-03-23 11:00:00', NULL),
	(91, 'CRAFT MILES株式会社', 'クラフトマイルズ', 'https://craftmiles.co.jp/', 9010001088570, '2026/3/2\r\n社名変更(シムテック→CRAFT MILES)', 1, '2026-04-16 15:58:05', '2', '2026-04-16 15:58:05', NULL),
	(92, '株式会社トランスアーツ', 'トランスアーツ', 'http://www.trance.co.jp/', 9010001115548, '', 1, '2026-05-14 17:37:57', '14', '2026-05-14 18:45:38', '14'),
	(93, '株式会社 エル・フィールド', 'エル・フィールド', 'https://www.lfield.co.jp/', 9010001200622, '', 1, '2026-05-21 10:37:20', '12', '2026-05-21 10:37:20', NULL),
	(94, 'イースリー株式会社', 'イースリー', 'https://eee333.co.jp/', 8020001084917, '', 1, '2026-05-21 16:12:50', '12', '2026-05-21 16:12:50', NULL);

--  テーブル sfa.cake_d_c_users_phinxlog の構造をダンプしています
DROP TABLE IF EXISTS `cake_d_c_users_phinxlog`;
CREATE TABLE IF NOT EXISTS `cake_d_c_users_phinxlog` (
  `version` bigint(20) NOT NULL,
  `migration_name` varchar(100) DEFAULT NULL,
  `start_time` timestamp NULL DEFAULT NULL,
  `end_time` timestamp NULL DEFAULT NULL,
  `breakpoint` tinyint(1) NOT NULL DEFAULT 0,
  PRIMARY KEY (`version`)
) ENGINE=InnoDB DEFAULT CHARSET=utf8mb4 COLLATE=utf8mb4_unicode_ci;

-- テーブル sfa.cake_d_c_users_phinxlog: ~4 rows (約) のデータをダンプしています
INSERT INTO `cake_d_c_users_phinxlog` (`version`, `migration_name`, `start_time`, `end_time`, `breakpoint`) VALUES
	(20150513201111, 'Initial', '2025-03-12 20:36:00', '2025-03-12 20:36:01', 0),
	(20161031101316, 'AddSecretToUsers', '2025-03-12 20:36:01', '2025-03-12 20:36:01', 0),
	(20190208174112, 'AddAdditionalDataToUsers', '2025-03-12 20:36:01', '2025-03-12 20:36:01', 0),
	(20210929202041, 'AddLastLoginToUsers', '2025-03-12 20:36:01', '2025-03-12 20:36:01', 0);

--  テーブル sfa.client_contacts の構造をダンプしています
DROP TABLE IF EXISTS `client_contacts`;
CREATE TABLE IF NOT EXISTS `client_contacts` (
  `id` int(11) NOT NULL AUTO_INCREMENT,
  `client_id` int(11) NOT NULL COMMENT '顧客ID',
  `name` varchar(255) NOT NULL COMMENT '顧客担当者',
  `kana` varchar(255) NOT NULL COMMENT '顧客担当者カナ',
  `email` varchar(255) NOT NULL COMMENT 'メールアドレス',
  `mobile_phone` varchar(50) DEFAULT NULL COMMENT '携帯番号',
  `landline_phone` varchar(50) DEFAULT NULL COMMENT '固定電話',
  `position` varchar(255) DEFAULT NULL COMMENT '役職',
  `note` text DEFAULT NULL,
  `status` int(11) NOT NULL,
  `created` datetime NOT NULL,
  `created_id` char(50) NOT NULL,
  `modified` datetime DEFAULT NULL,
  `modified_id` char(50) DEFAULT NULL,
  PRIMARY KEY (`id`)
) ENGINE=InnoDB AUTO_INCREMENT=55 DEFAULT CHARSET=utf8mb4 COLLATE=utf8mb4_general_ci;

-- テーブル sfa.client_contacts: ~51 rows (約) のデータをダンプしています
INSERT INTO `client_contacts` (`id`, `client_id`, `name`, `kana`, `email`, `mobile_phone`, `landline_phone`, `position`, `note`, `status`, `created`, `created_id`, `modified`, `modified_id`) VALUES
	(1, 2, '宮永 智宏', 'ミヤナガ トモヒロ', 't-miyanaga@dts.co.jp', '080-9211-6686', '', '', '', 1, '2026-04-16 11:00:00', '1', NULL, ''),
	(2, 2, '大田 遼介', 'オオタ リョウスケ', 'r-ota@dts.co.jp', '080-5215-0433', '', '', '', 1, '2026-04-16 11:00:00', '1', NULL, ''),
	(3, 2, '飯島 崇雄', 'イイジマタカオ', 'ta-iijima@dts.co.jp', '080-3699-6933', '03-3948-5488', '', '', 1, '2026-04-16 11:00:00', '1', NULL, ''),
	(4, 3, '島本 秀徳', 'シマモト ヒデノリ', 'shimamoto-hidenori@gmo-connect.jp', '090-9976-5727', '03-6555-4390', '', '', 1, '2026-04-16 11:00:00', '1', '2026-04-22 17:14:26', '1'),
	(5, 3, '田中 誠一', 'タナカ セイイチ', 'tanaka-seiichi@gmo-connect.jp', '090-7421-1852', '03-6555-4390', '', '', 1, '2026-04-16 11:00:00', '1', '2026-04-20 13:58:55', '1'),
	(6, 5, '川端 大進', 'カワバタ ダイシン', 'kawabata@hba.co.jp', '090-8572-2221', '03-3450-7158', '', '', 1, '2026-04-16 11:00:00', '1', NULL, ''),
	(7, 7, '青木 陽子', 'アオキ ヨウコ', 'aoki@nsd.co.jp', '070-2191-8357', '', '', '', 1, '2026-04-16 11:00:00', '1', '2026-04-20 13:47:36', '1'),
	(8, 7, '三浦 洋', 'ミウラ ヒロシ', 'admin@icz.co.jp', '090-6938-0054', '', '', '', 1, '2026-04-16 11:00:00', '1', NULL, ''),
	(9, 7, '稲嶺 和哉', 'イナミネ カズヤ', 'inamine_kazuya@nsd.co.jp', '070-7536-4956', '', '', '', 1, '2026-04-16 11:00:00', '1', NULL, ''),
	(10, 9, '鈴木 信也', 'スズキ シンヤ', 'shinya_suzuki@newson.co.jp', '050-5477-0920', '03-5545-8631', '', '', 1, '2026-04-16 11:00:00', '1', NULL, ''),
	(11, 10, '山中 俊雄', 'ヤマナカ トシオ', 'yamanaka-ts@njk.co.jp', '090-7808-1368', '', '', '', 1, '2026-04-16 11:00:00', '1', NULL, ''),
	(12, 10, '大西 康太', 'オオニシ コウタ', 'ohnishi-kt@njk.co.jp', '090-1432-2481', '', '', '', 1, '2026-04-16 11:00:00', '1', NULL, ''),
	(13, 10, '東川 孝司', 'ヒガシカワ タカシ', 'higashikawa-tk@njk.co.jp', '090-2205-4069', '', '', '', 1, '2026-04-16 11:00:00', '1', NULL, ''),
	(14, 11, '遠藤 立也', 'エンドウ タツヤ', 'ta-endo@psc-inc.co.jp', '070-1306-8772', '03-5408-5155', '', '', 1, '2026-04-16 11:00:00', '1', NULL, ''),
	(15, 13, '青木 利憲', 'アオキ トシノリ', 'aoki-tos@idnet.co.jp', '070-3147-0434', '', '', '', 1, '2026-04-16 11:00:00', '1', NULL, ''),
	(16, 13, '楠堂 奈穂', 'クスドウ ナホ', 'naho.kusudou@idnet.co.jp', '080-1302-4558', '03-3262-8791', '', '', 1, '2026-04-16 11:00:00', '1', NULL, ''),
	(17, 22, '逸見 友和', 'ヘンミ トモカズ', 't-henmi@scij.co.jp', '080-5319-8763', '06-4805-9090', '', '', 1, '2026-04-16 11:00:00', '1', NULL, ''),
	(18, 20, '太田 康介', 'オオタ コウスケ', 'kousuke.oota-n428@nid.co.jp', '090-1769-1522', '03-6221-6822', '', '', 1, '2026-04-16 11:00:00', '1', NULL, ''),
	(19, 15, '長谷川 聡史', 'ハセガワ サトシ', 'satoshi.hasegawa@quest.co.jp', '080-9742-8264', '03-3453-1181', '', '', 1, '2026-04-16 11:00:00', '1', NULL, ''),
	(21, 16, '伊東 直毅', 'イトウ ナオキ', 'itounaok@systena.co.jp', '070-8317-7990', '03-6367-3848', '', '', 1, '2026-04-16 11:00:00', '1', NULL, ''),
	(22, 16, '桑原 朋裕', 'クワバラ トモヒロ', 'kuwabarat@systena.co.jp', '080-3407-5828', '03-6367-3848', '', '', 1, '2026-04-16 11:00:00', '1', NULL, ''),
	(23, 16, '伊原 利光', 'イハラ トシミツ', 'iharat@systena.co.jp', '080-5929-4296', '03-6367-3848', '', '', 1, '2026-04-16 11:00:00', '1', NULL, ''),
	(24, 16, '宮城 優美', 'ミヤギ マサミ', 'miyagim@systena.co.jp', '070-8492-6667', '', '', '', 1, '2026-04-16 11:00:00', '1', NULL, ''),
	(25, 16, '池田 俊太郎', 'イケダ シュンタロウ', 'ikedas@systena.co.jp', '090-4942-5205', '03-6367-3848', '', '', 1, '2026-04-16 11:00:00', '1', NULL, ''),
	(26, 17, '鈴木 貴之', 'スズキ タカユキ', 't_suzuki@techfirm.co.jp', '080-8035-6878', '03-5365-7896', '', '', 1, '2026-04-16 11:00:00', '1', NULL, ''),
	(27, 18, '神村 治彦', 'カミムラ ハルヒコ', 'hkamimur@fsi.co.jp', '080-6563-4463', '050-3000-2766', '', '', 1, '2026-04-16 11:00:00', '1', NULL, ''),
	(29, 18, '萩山 美佳', 'ハギヤマ ミカ', 'mhagiyam@fsi.co.jp', '070-7513-0888', '', '', '', 1, '2026-04-16 11:00:00', '1', NULL, ''),
	(30, 18, '諸 晃生', 'モロ アキオ', 'moroakio@fsi.co.jp', '070-7513-0991', '', '', '', 1, '2026-04-16 11:00:00', '1', NULL, ''),
	(31, 18, '吉田 健人', 'ヨシダ タケト', 'yoshtake@fsi.co.jp', '080-3700-9353', '', '', '', 1, '2026-04-16 11:00:00', '1', NULL, ''),
	(32, 18, '阿部 健二', 'アベ ケンジ', 'abekenji@fsi.co.jp', '080-6616-8395', '', '', '', 1, '2026-04-16 11:00:00', '1', NULL, ''),
	(33, 18, '伊藤 久崇', 'イトウ ヒサタカ', 'hsito@fsi.co.jp', '080-3217-9505', '045-285-0085', '', '', 1, '2026-04-16 11:00:00', '1', NULL, ''),
	(34, 18, '井月 大介', 'イヅキ ダイスケ', 'idukid@fsi.co.jp', '090-5536-0140', '050-3000-2747', '', '', 1, '2026-04-16 11:00:00', '1', NULL, ''),
	(36, 18, '鬼頭 雄一', 'キトウ ユウイチ', 'kitoyui@fsi.co.jp', '090-8500-3580', '050-3000-2172', '', '', 1, '2026-04-16 11:00:00', '1', NULL, ''),
	(37, 18, '金 幾勳', 'キム ギフン', 'kifun@fsi.co.jp', '080-1400-1477', '', '', '', 1, '2026-04-16 11:00:00', '1', NULL, ''),
	(38, 18, '細貝 俊郎', 'ホソカイ トシオ', 'thosokai@fsi.co.jp', '090-9688-0231', '', '', '', 1, '2026-04-16 11:00:00', '1', '2026-04-20 13:46:39', '1'),
	(39, 18, '秋葉 祐介', 'アキバ ユウスケ', 'akibayu@fsi.co.jp', '070-7513-0941', '', '', '', 1, '2026-04-16 11:00:00', '1', NULL, ''),
	(40, 18, '勝間田 剛', 'カツマタ ゴウ', 'admin@icz.co.jp', '090-9714-9798', '', '', '', 1, '2026-04-16 11:00:00', '1', '2026-04-16 11:00:00', '1'),
	(41, 18, '小宮 真二', 'コミヤ シンジ', 'skomiya@fsi.co.jp', '070-7537-8739', '', '', '', 1, '2026-04-16 11:00:00', '1', NULL, ''),
	(42, 18, '菅原 良司', 'スガワラ リョウジ', 'sugawarr@fsi.co.jp', '070-7512-4986', '', '', '', 1, '2026-04-16 11:00:00', '1', NULL, ''),
	(43, 18, '前田 悟', 'マエダ サトル', 'maedsato@fsi.co.jp', '090-9148-1216', '050-3000-2778', '', '', 1, '2026-04-16 11:00:00', '1', NULL, ''),
	(44, 18, '大泉 幸也', 'オオイズミ ユキヤ', 'oizumiy@fsi.co.jp', '080-3597-2891', '', '', '', 1, '2026-04-16 11:00:00', '1', '2026-04-21 11:00:00', '5'),
	(45, 18, '力丸 悦久', 'リキマル ヨシヒサ', 'yrikimar@fsi.co.jp', '070-7513-0942', '', '', '', 1, '2026-04-16 11:00:00', '1', '2026-04-20 17:13:25', '2'),
	(46, 15, '打越 恵太', 'ウチコシ ケイタ', 'keita.uchikoshi@quest.co.jp', '070-1538-9353', '03-3453-1181', '3', '', 1, '2026-04-17 11:00:00', '1', NULL, ''),
	(47, 2, '五十嵐 光治', 'イガラシ ミツハル', 'mi-igarashi@dts.co.jp', '080-9273-6360', '', '', '', 1, '2026-04-22 11:00:00', '1', '2026-04-22 11:00:00', NULL),
	(48, 18, '森内 信公', 'モリウチ ノブタカ', 'moriutnb@fsi.co.jp', '090-8572-7692', '', '', '', 1, '2026-04-22 11:00:00', '1', '2026-04-22 11:00:00', NULL),
	(49, 18, '神林 克樹', 'カンバヤシ カツキ', 'kkanbaya@fsi.co.jp', '070-7513-0691', '050-3000-2794', '', '', 1, '2026-04-23 14:52:48', '1', '2026-04-23 14:52:48', NULL),
	(50, 18, '長谷川 卓', 'ハセガワ スグル', 'hasegaws@fsi.co.jp', '070-6563-0695', '050-3000-2101', '6', '', 1, '2026-04-27 15:41:17', '13', '2026-04-27 15:41:17', NULL),
	(51, 26, '長山 哲也', 'ナガヤマ テツヤ', 'Tetsuya_Nagayama@totec.co.jp', '', '03-5657-3205', '6', '', 1, '2026-05-21 10:32:46', '12', '2026-05-21 10:32:46', NULL),
	(52, 25, '所 哲也', 'トコロ テツヤ', 'tokoro@focus-s.com', '070-3334-3403', '03-5421-7777', '4', '', 1, '2026-05-21 11:22:16', '14', '2026-06-03 11:00:00', '1'),
	(53, 10, '岡本 大輔', 'オカモト ダイスケ', 'okamoto-dis@njk.co.jp', '', '', '', '', 1, '2026-05-21 16:22:47', '12', '2026-05-22 10:28:42', '2'),
	(54, 4, '沢村 智明', 'サワムラ トモアキ', 'sawamura.tomoaki@makeshop.co.jp', '090-1036-4354', '03-5728-6227', '6', '', 1, '2026-05-25 10:57:21', '14', '2026-05-25 10:57:21', NULL);

--  テーブル sfa.clients の構造をダンプしています
DROP TABLE IF EXISTS `clients`;
CREATE TABLE IF NOT EXISTS `clients` (
  `id` int(11) NOT NULL AUTO_INCREMENT,
  `name` varchar(255) NOT NULL,
  `kana` varchar(255) NOT NULL,
  `url` varchar(255) DEFAULT NULL,
  `sales_rank` tinyint(4) DEFAULT NULL,
  `note` text DEFAULT NULL,
  `status` int(11) NOT NULL,
  `created` datetime NOT NULL,
  `created_id` char(50) NOT NULL,
  `modified` datetime DEFAULT NULL,
  `modified_id` char(50) DEFAULT NULL,
  PRIMARY KEY (`id`)
) ENGINE=InnoDB AUTO_INCREMENT=27 DEFAULT CHARSET=utf8mb4 COLLATE=utf8mb4_general_ci;

-- テーブル sfa.clients: ~26 rows (約) のデータをダンプしています
INSERT INTO `clients` (`id`, `user_id`, `name`, `kana`, `url`, `sales_rank`, `note`, `status`, `created`, `created_id`, `modified`, `modified_id`) VALUES
	(1, '1', '株式会社CIJネクスト', 'シーアイジェイネクスト', 'https://www.cij-next.co.jp/', 4, '', 1, '2025-03-18 11:00:00', '1', '2025-03-23 11:00:00', '1'),
	(2, '1', '株式会社DTS', 'ディティエス', 'https://www.dts.co.jp/', 1, '', 1, '2025-03-18 11:00:00', '1', '2025-03-18 11:00:00', NULL),
	(3, '1', 'GMOコネクト株式会社', 'ジーエムオーコネクト', 'https://gmo-connect.jp/', 4, '', 1, '2025-03-18 11:00:00', '1', '2025-03-18 11:00:00', NULL),
	(4, '1', 'GMOメイクショップ株式会社', 'ジーエムオーメイクショップ', 'https://www.makeshop.co.jp/', 3, '', 1, '2025-03-18 11:00:00', '1', '2025-03-18 11:00:00', NULL),
	(5, '1', '株式会社HBA', 'エイチビーエー', 'https://www.hba.co.jp/', 3, '', 1, '2025-03-18 11:00:00', '1', '2025-03-18 11:00:00', NULL),
	(6, '1', '株式会社IDデータセンターマネジメント', 'アイディーデータセンターマネジメント', 'https://www.id-dcm.co.jp/', 3, '2025/4/1\r\nインフォメーション・ディベロプメントに吸収合併', 0, '2025-03-18 11:00:00', '1', '2025-03-18 11:00:00', NULL),
	(7, '1', '株式会社NSD', 'エヌエスディ', 'https://www.nsd.co.jp/', 1, '', 1, '2025-03-18 11:00:00', '1', '2025-03-18 11:00:00', NULL),
	(8, '1', 'エヌ・ティ・ティ・アドバンステクノロジ株式会社', 'エヌティティアドバンステクノロジ', 'https://www.ntt-at.co.jp/', 2, '', 1, '2025-03-18 11:00:00', '1', '2025-03-18 11:00:00', NULL),
	(9, '1', '株式会社NTTデータニューソン', 'エヌティティデータニューソン', 'https://www.newson.co.jp/', 3, '', 1, '2025-03-18 11:00:00', '1', '2025-03-18 11:00:00', NULL),
	(10, '1', '株式会社NTTデータNJK', 'エヌティティデータエヌジェーケー', 'https://www.njk.co.jp/', 3, '', 1, '2025-03-18 11:00:00', '1', '2025-03-18 11:00:00', NULL),
	(11, '1', '株式会社ピーエスシー', 'ピーエスシー', 'https://www.psc-inc.co.jp/', 3, '', 1, '2025-03-18 11:00:00', '1', '2025-03-18 11:00:00', NULL),
	(12, '1', 'アクモス株式会社', 'アクモス', 'https://www.acmos.co.jp/', 4, '', 1, '2025-03-18 11:00:00', '1', '2025-03-18 11:00:00', NULL),
	(13, '1', '株式会社インフォメーション・ディベロプメント', 'インフォメーションディベロプメント', 'https://www.idnet.co.jp/', 2, '', 1, '2025-03-18 11:00:00', '1', '2025-03-18 11:00:00', NULL),
	(14, '1', '株式会社オープンストリーム', 'オープンストリーム', 'https://www.opst.co.jp/', 4, '', 1, '2025-03-18 11:00:00', '1', '2025-03-18 11:00:00', NULL),
	(15, '1', '株式会社クエスト', 'クエスト', 'https://www.quest.co.jp/', 3, '', 1, '2025-03-18 11:00:00', '1', '2025-03-18 11:00:00', NULL),
	(16, '1', '株式会社システナ', 'システナ', 'https://www.systena.co.jp/', 2, '', 1, '2025-03-18 11:00:00', '1', '2025-03-18 11:00:00', NULL),
	(17, '1', 'テックファーム株式会社', 'テックファーム', 'https://www.techfirm.co.jp/', 4, '', 1, '2025-03-18 11:00:00', '1', '2025-03-18 11:00:00', NULL),
	(18, '1', '富士ソフト株式会社', 'フジソフト', 'https://www.fsi.co.jp/', 1, '', 1, '2025-03-18 11:00:00', '1', '2026-06-04 23:53:53', '1'),
	(19, '1', '日鉄ソリューションズ株式会社', 'ニッテツソリューションズ', 'https://www.nssol.nipponsteel.com/', 1, '', 1, '2025-03-18 11:00:00', '1', '2025-03-18 11:00:00', NULL),
	(20, '1', '株式会社エヌアイデイ', 'エヌアイデイ', 'https://www.nid.co.jp/', 3, '', 1, '2025-03-18 11:00:00', '1', '2025-12-12 11:00:00', '2'),
	(21, '1', '株式会社ヴィンクス', 'ヴィンクス', 'https://www.vinx.co.jp/', 2, '', 1, '2025-03-23 11:00:00', '1', '2025-03-23 11:00:00', NULL),
	(22, '1', '株式会社エス・シー・アイ', 'エスシーアイ', 'https://scij.co.jp/', 5, '', 1, '2025-04-08 11:00:00', '1', '2025-04-08 11:00:00', NULL),
	(23, '1', '中央システム株式会社', 'チュウオウシステム', 'https://www.chuosystem.co.jp/', 3, '', 1, '2025-07-16 11:00:00', '1', '2025-07-30 11:00:00', '1'),
	(24, '5', '株式会社アイ・エス・ビー', 'アイ・エス・ビー', 'https://www.isb.co.jp/', 2, '', 1, '2025-10-29 11:00:00', '5', '2025-10-30 11:00:00', '3'),
	(25, '14', '株式会社フォーカスシステムズ', 'フォーカスシステムズ', 'https://www.focus-s.com/', 2, '', 1, '2026-05-14 11:00:00', '14', '2026-05-14 11:00:00', NULL),
	(26, '12', 'トーテックアメニティ株式会社', 'トーテックアメニティ', 'https://www.totec.jp/', 2, '', 1, '2026-05-21 10:28:50', '12', '2026-05-21 10:28:50', NULL);

--  テーブル sfa.engineers の構造をダンプしています
DROP TABLE IF EXISTS `engineers`;
CREATE TABLE IF NOT EXISTS `engineers` (
  `id` int(11) NOT NULL AUTO_INCREMENT,
  `emp_no` int(11) DEFAULT NULL,
  `belong` int(11) NOT NULL,
  `name` varchar(255) NOT NULL,
  `kana` varchar(255) NOT NULL,
  `birthyear` year(4) DEFAULT NULL,
  `year_industory_exp` varchar(255) DEFAULT NULL,
  `skill_exp` varchar(255) DEFAULT NULL,
  `year_skill_exp` varchar(255) DEFAULT NULL,
  `skill_sheet` varchar(255) DEFAULT NULL,
  `note` text DEFAULT NULL,
  `status` int(11) NOT NULL,
  `created` datetime DEFAULT NULL,
  `created_id` char(50) DEFAULT NULL,
  `modified` datetime DEFAULT NULL,
  `modified_id` char(50) DEFAULT NULL,
  PRIMARY KEY (`id`)
) ENGINE=InnoDB AUTO_INCREMENT=207 DEFAULT CHARSET=utf8mb4 COLLATE=utf8mb4_general_ci;

-- テーブル sfa.engineers: ~203 rows (約) のデータをダンプしています
INSERT INTO `engineers` (`id`, `user_id`, `emp_no`, `belong`, `name`, `kana`, `birthyear`, `year_industory_exp`, `skill_exp`, `year_skill_exp`, `skill_sheet`, `note`, `status`, `created`, `created_id`, `modified`, `modified_id`) VALUES
	(1, '1', 802516, 2, '山口 将司', 'ヤマグチ マサシ', '1997', '4年8ヶ月', 'React', '3年8ヶ月', NULL, '', 1, '2025-03-18 11:00:00', '1', '2025-10-09 11:00:00', '8'),
	(2, '1', 802515, 2, '木村 剛', 'キムラ ツヨシ', '1993', '3年10ヶ月', 'Python', '3年10ヶ月', '2_木村 剛.xlsx', '', 1, '2025-03-18 11:00:00', '1', '2026-04-09 12:51:21', '12'),
	(3, '1', 802512, 2, '小室 惠一朗', 'コムロ ケイイチロウ', '2001', '3年', 'React', '3年', NULL, '', 1, '2025-03-18 11:00:00', '1', '2026-01-22 11:00:00', '8'),
	(4, '1', 802514, 2, '荒金 竜也', 'アラカネ タツヤ', '1997', '4年', 'React', '3年', NULL, '', 1, '2025-03-18 11:00:00', '1', '2025-03-18 11:00:00', NULL),
	(5, '1', 802518, 2, '坂井 蓮', 'サカイ レン', '1996', '3年6ヶ月', 'Java', '2年', '5_坂井 蓮.xlsx', '', 1, '2025-03-18 11:00:00', '1', '2026-04-09 12:52:10', '12'),
	(6, '1', 812508, 2, '森田 憲弥', 'モリタ ケンヤ', '1997', '6年', 'Linux', '5年', NULL, '', 1, '2025-03-18 11:00:00', '1', '2026-01-22 11:00:00', '8'),
	(7, '1', 802517, 2, '下村 俊太', 'シモムラ シュンタ', '1995', '5年10ヶ月', 'Java', '4年', NULL, '', 1, '2025-03-18 11:00:00', '1', '2025-03-18 11:00:00', NULL),
	(8, '1', 201102, 1, '青木 雄一', 'アオキ ユウイチ', '1978', '18年6ヶ月', 'Java', '17年6ヶ月', '8_青木 雄一.xlsx', '', 1, '2025-03-18 11:00:00', '1', '2026-06-03 15:39:06', '11'),
	(9, '1', 812506, 2, '村岡 拓哉', 'ムラオカ タクヤ', '1997', '6年8ヶ月', 'NW', '6年8ヶ月', NULL, '', 1, '2025-03-18 11:00:00', '1', '2026-04-06 13:36:51', '11'),
	(10, '1', 812505, 2, '文屋 悠人', 'ブンヤ ユウト', '1999', '3年8ヶ月', 'NW', '2年9ヶ月', NULL, '', 1, '2025-03-18 11:00:00', '1', '2026-04-06 13:36:28', '11'),
	(11, '1', 802511, 2, '平佐 知典', 'ヒラサ トモノリ', '1984', '13年6ヶ月', 'Python', '5年', NULL, '', 1, '2025-03-18 11:00:00', '1', '2025-03-18 11:00:00', NULL),
	(12, '1', 812509, 2, '古野 裕明', 'フルノ ヒロアキ', '1991', '7年2ヶ月', 'AWS', '5年', '12_古野 裕明.xlsx', '', 1, '2025-03-18 11:00:00', '1', '2026-04-09 12:45:17', '13'),
	(13, '1', 812507, 2, '小林 寿綺', 'コバヤシ ヒサキ', '1993', '10年', 'AWS', '2年9ヶ月', NULL, '', 1, '2025-03-18 11:00:00', '1', '2026-04-06 13:37:13', '11'),
	(14, '1', 212501, 1, '酒井 洋介', 'サカイ ヨウスケ', '1980', '15年5ヶ月', 'AWS/GCP', '15年5ヶ月', '14_酒井 洋介.xlsx', '', 1, '2025-03-18 11:00:00', '1', '2026-06-03 15:18:02', '11'),
	(15, '1', 802513, 2, '佐藤 中', 'サトウ アタル', '1977', '24年3ヶ月', 'TypeScript', '2年3ヶ月', NULL, '', 1, '2025-03-18 11:00:00', '1', '2025-03-18 11:00:00', NULL),
	(16, '1', 812511, 2, '小島 道', 'コジマ トオル', '1976', '19年', 'L3/L4の設計業務', '2年8ヶ月', NULL, '', 1, '2025-03-18 11:00:00', '1', '2025-03-18 11:00:00', NULL),
	(17, '1', 812510, 2, '関口 大介', 'セキグチ ダイスケ', '1997', '6年', 'Linux', '6年', NULL, '', 1, '2025-03-18 11:00:00', '1', '2026-04-06 13:38:22', '11'),
	(18, '1', 202403, 1, '和田 譲', 'ワダ ユズル', '1976', '26年', 'Java', '24年', NULL, '', 1, '2025-03-19 11:00:00', '1', '2026-02-12 11:00:00', '11'),
	(19, '1', 802519, 2, '槌谷 和也', 'ツチタニ カズヤ', '1991', '10年', 'Java', '6年', NULL, '', 1, '2025-03-19 11:00:00', '1', '2025-06-07 11:00:00', '1'),
	(20, '1', 812512, 2, '本田 颯', 'ホンダ ハヤテ', '1994', '5年', 'Azure', '4年', NULL, '', 1, '2025-03-23 11:00:00', '1', '2025-03-23 11:00:00', NULL),
	(21, '1', 802520, 2, '佐藤 紋華', 'サトウ アヤ', '1997', '6年', 'TypeScript', '3年7ヶ月', NULL, '', 1, '2025-03-23 11:00:00', '1', '2025-03-23 11:00:00', NULL),
	(22, '1', 802521, 2, '菅原 千明', 'スガワラ チアキ', '1990', '14年', 'Java', '9年', NULL, '', 1, '2025-03-28 11:00:00', '1', '2025-03-28 11:00:00', NULL),
	(23, '1', 802523, 2, '田口 敦史', 'タグチ アツシ', '1986', '16年', 'Java', '10年', NULL, '', 1, '2025-03-29 11:00:00', '1', '2026-01-22 11:00:00', '8'),
	(24, '1', 802522, 2, '須貝 斗汰', 'スガイ トウタ', '1998', '3年', 'Java', '2年', NULL, '', 1, '2025-03-29 11:00:00', '1', '2025-03-29 11:00:00', NULL),
	(25, '1', 202501, 1, '髙尾 誠', 'タカオ マコト', '1983', '11年8ヶ月', 'Swift/Objective-C', '11年5ヶ月', NULL, '', 1, '2025-04-08 11:00:00', '1', '2025-04-08 11:00:00', NULL),
	(26, '1', 802524, 2, '本田 凜', 'ホンダ リン', '1993', '6年', 'C#', '2年', NULL, '', 1, '2025-04-08 11:00:00', '1', '2025-06-28 11:00:00', '1'),
	(27, '1', 802525, 2, '深津 輝', 'フカヅ ヒカル', '1998', '5年', 'C#', '2年', '27_深津 輝.pdf', '', 1, '2025-04-08 11:00:00', '1', '2026-04-09 13:33:10', '12'),
	(28, '1', 802527, 2, '酒井 利憲', 'サカイ ヨシノリ', '1998', '2年6ヶ月', 'Java', '2年6ヶ月', NULL, '', 1, '2025-04-15 11:00:00', '1', '2025-12-04 11:00:00', '8'),
	(29, '1', 802529, 2, '宍道 美月', 'シシドウ ミツキ', '1995', '3年', 'React', '3年', NULL, '', 1, '2025-04-15 11:00:00', '1', '2025-12-04 11:00:00', '8'),
	(30, '1', 802528, 2, '押方 敏佑', 'オシカタ トシスケ', '1988', '13年', 'React', '4年', NULL, '', 1, '2025-04-15 11:00:00', '1', '2025-04-15 11:00:00', NULL),
	(31, '1', 802526, 2, '田中 聡太', 'タナカ ソウタ', '1996', '6年', 'Java', '6年', NULL, '', 1, '2025-04-23 11:00:00', '1', '2025-04-23 11:00:00', NULL),
	(32, '1', 802531, 2, '呉 皆十', 'クレ ミナト', '1983', '20年7ヶ月', 'Flutter', '4年', '32_呉 皆十.xlsx', '', 1, '2025-04-25 11:00:00', '1', '2026-04-09 12:46:41', '13'),
	(33, '1', 202505, 1, '小野 豊', 'オノ ユタカ', '1990', '10年4ヶ月', 'Java', '10年4ヶ月', '33_小野 豊.xlsx', '', 1, '2025-04-25 11:00:00', '1', '2026-06-03 15:43:23', '11'),
	(34, '1', 802530, 2, '小山内 濯', 'オサナイ タク', '1998', '2年', 'Java', '2年', '34_小山内 濯.xlsx', '', 1, '2025-04-25 11:00:00', '1', '2026-04-09 12:52:57', '12'),
	(35, '1', 200501, 1, '梁川 忠之', 'ヤナガワ タダユキ', '1977', '', 'Java', '', '35_梁川 忠之.xlsx', '', 1, '2025-04-26 11:00:00', '1', '2026-06-03 15:31:37', '11'),
	(36, '1', 200801, 1, '中松 大悟', 'ナカマツ ダイゴ', '1978', '', 'Java', '', NULL, '', 0, '2025-04-26 11:00:00', '1', '2025-10-03 11:00:00', '8'),
	(37, '1', 201101, 1, '千葉 勝巳', 'チバ カツミ', '1984', '', 'Java', '', '37_千葉 勝巳.xlsx', '', 1, '2025-04-26 11:00:00', '1', '2026-06-03 15:48:59', '11'),
	(38, '1', 211102, 1, '樋口 健太', 'ヒグチ ケンタ', '1980', '', 'Linux', '', '38_樋口 健太.xlsx', '', 1, '2025-04-26 11:00:00', '1', '2026-06-03 15:37:23', '11'),
	(39, '1', 201302, 1, '蛭田 法夫', 'ヒルタ ノリオ', '1985', '', 'Java', '', '39_蛭田 法夫.xlsx', '', 1, '2025-04-26 11:00:00', '1', '2026-06-03 15:50:36', '11'),
	(40, '1', 201403, 1, '宮田 宙和', 'ミヤタ ヒロカズ', '1983', '', 'Java', '', '40_宮田 宙和.xlsx', '', 1, '2025-04-26 11:00:00', '1', '2026-06-03 15:41:53', '11'),
	(41, '1', 201701, 1, '船田 英一', 'フナダ エイイチ', '1993', '8年11ヶ月', 'Java/AngularJS', '6年5ヶ月', NULL, '', 1, '2025-04-26 11:00:00', '1', '2026-03-23 11:00:00', '14'),
	(42, '1', 201703, 1, '迫田 清美', 'サコダ キヨミ', '1985', '', 'SQL/VBScript', '', '42_迫田 清美.xlsx', '', 1, '2025-04-26 11:00:00', '1', '2026-06-03 14:55:09', '11'),
	(43, '1', 201704, 1, '伊藤 駿', 'イトウ シュン', '1992', '', 'React', '', '43_伊藤 駿.xlsx', '', 1, '2025-04-26 11:00:00', '1', '2026-06-03 15:16:15', '11'),
	(44, '1', 201801, 1, '岡部 俊介', 'オカベ シュンスケ', '1980', '8年7ヶ月', 'Java', '8年', '44_岡部 俊介.xlsx', '', 1, '2025-04-26 11:00:00', '1', '2026-06-03 15:27:10', '11'),
	(45, '1', 201805, 1, '菅井 舞子', 'スガイ マイコ', '1984', '', 'React', '', '45_菅井 舞子.xlsx', '', 1, '2025-04-26 11:00:00', '1', '2026-06-03 15:46:11', '11'),
	(46, '1', 211901, 1, '樋口 直樹', 'ヒグチ ナオキ', '1980', '', 'Linux', '', '46_樋口 直樹.xlsx', '', 1, '2025-04-26 11:00:00', '1', '2026-06-03 15:23:12', '11'),
	(47, '1', 201901, 1, '三浦 僚介', 'ミウラ リョウスケ', '1996', '', 'Java', '', NULL, '', 0, '2025-04-26 11:00:00', '1', '2025-07-31 11:00:00', '1'),
	(48, '1', 201902, 1, '牛島 悠輝', 'ウシジマ ユウキ', '1997', '', 'Java', '', '48_牛島 悠輝.xlsx', '', 1, '2025-04-26 11:00:00', '1', '2026-06-03 15:19:46', '11'),
	(49, '1', 201903, 1, '田井 智啓', 'タイ トモヒロ', '1997', '', 'Java', '', '49_田井 智啓.xlsx', '', 1, '2025-04-26 11:00:00', '1', '2026-06-03 15:14:36', '11'),
	(50, '1', 201904, 1, '北川 達也', 'キタガワ タツヤ', '1983', '', 'Kubernetes/AWS', '', '50_北川 達也.xlsx', '', 1, '2025-04-26 11:00:00', '1', '2026-06-03 15:11:23', '11'),
	(51, '1', 202003, 1, '小林 智昭', 'コバヤシ トモアキ', '1997', '', 'Java', '', '51_小林 智昭.xlsx', '', 1, '2025-04-26 11:00:00', '1', '2026-06-03 15:03:57', '11'),
	(52, '1', 202004, 1, '古神子 真一', 'コカゴ シンイチ', '1996', '', 'Java', '', '52_古神子 真一.xlsx', '', 1, '2025-04-26 11:00:00', '1', '2026-06-03 15:12:31', '11'),
	(53, '1', 202101, 1, '熊谷 慧', 'クマガイ サトル', '1999', '', 'Java', '', '53_熊谷 慧.xlsx', '', 1, '2025-04-26 11:00:00', '1', '2026-06-03 15:32:53', '11'),
	(54, '1', 202103, 1, '黒金 卓真', 'クロガネ タクマ', '1994', '', 'Python', '', '54_黒金 卓真.xlsx', '', 1, '2025-04-26 11:00:00', '1', '2026-06-03 15:13:41', '11'),
	(55, '1', 202201, 1, '山田 尚樹', 'ヤマダ ナオキ', '1993', '', 'Java', '', NULL, '', 1, '2025-04-26 11:00:00', '1', '2025-04-26 11:00:00', NULL),
	(56, '1', 202202, 1, '有門 諒馬', 'アリカド リョウマ', '1999', '', 'React', '', '56_有門 諒馬.xlsx', '', 1, '2025-04-26 11:00:00', '1', '2026-06-03 15:15:28', '11'),
	(57, '1', 202203, 1, '岡野 侑介', 'オカノ ユウスケ', '2001', '', 'Java', '', NULL, '', 0, '2025-04-26 11:00:00', '1', '2025-04-26 11:00:00', NULL),
	(58, '1', 202204, 1, '須藤 稜斗', 'ストウ リョウト', '1999', '', 'ローコード', '', '58_須藤 稜斗.xlsx', '', 1, '2025-04-26 11:00:00', '1', '2026-06-03 15:09:45', '11'),
	(59, '1', 202301, 1, '清水 理花', 'シミズ リカ', '1997', '2年6ヶ月', 'Java', '2年6ヶ月', NULL, '', 1, '2025-04-26 11:00:00', '1', '2026-03-04 11:00:00', '8'),
	(60, '1', 202303, 1, '森田 弘翔', 'モリタ ヒロト', '2000', '', 'Linux', '', '60_森田 弘翔.xlsx', '', 1, '2025-04-26 11:00:00', '1', '2026-06-03 15:35:54', '11'),
	(61, '1', 202305, 1, '坂口 駆', 'サカグチ カケル', '2002', '', 'ローコード', '', '61_坂口 駆.xlsx', '', 1, '2025-04-26 11:00:00', '1', '2026-06-03 15:07:05', '11'),
	(62, '1', 202401, 1, '松島 拓生', 'マツシマ タクミ', '2000', '1年9ヶ月', 'Java', '1年9ヶ月', '62_松島 拓生.xlsx', '', 1, '2025-04-26 11:00:00', '1', '2026-06-03 15:24:37', '11'),
	(63, '1', 202402, 1, '手嶋 真理子', 'テシマ マリコ', '1983', '', 'Java', '', NULL, '', 0, '2025-04-26 11:00:00', '1', '2025-04-26 11:00:00', NULL),
	(64, '1', 202502, 1, '一ノ宮 淳', 'イチノミヤ ジュン', '1998', '6ヶ月', 'Java', '6ヶ月', NULL, '', 1, '2025-04-26 11:00:00', '1', '2025-09-06 11:00:00', '1'),
	(65, '1', 202503, 1, '鶴巻 嵩大', 'ツルマキ タカヒロ', '2002', '5ヶ月', 'Java', '5ヶ月', '65_鶴巻 嵩大.xlsx', '', 1, '2025-04-26 11:00:00', '1', '2026-06-03 14:59:11', '11'),
	(66, '1', 202504, 1, '薄田 湧音', 'ウスダ ユウト', '1999', '', 'Java', '', '66_薄田 湧音.xlsx', '', 1, '2025-04-26 11:00:00', '1', '2026-06-03 15:28:42', '11'),
	(67, '1', 801735, 2, '関 真一', 'セキ シンイチ', '1976', '', 'Java', '', NULL, '', 1, '2025-04-26 11:00:00', '1', '2025-10-09 11:00:00', '8'),
	(68, '1', 801829, 2, '平林 慶太', 'ヒラバヤシ ケイタ', '1982', '', 'PHP', '', '68_平林 慶太.doc', '', 1, '2025-04-26 11:00:00', '1', '2026-04-09 13:19:57', '14'),
	(69, '1', 801933, 2, '坂田 篤郎', 'サカタ アツロウ', '1990', '', 'Java', '', '69_坂田 篤郎.xlsx', '', 1, '2025-04-26 11:00:00', '1', '2026-04-09 12:53:36', '12'),
	(70, '1', 802107, 2, '宮地 貴之', 'ミヤチ タカユキ', '1969', '', 'Java', '', NULL, '', 1, '2025-04-26 11:00:00', '1', '2025-10-09 11:00:00', '8'),
	(71, '1', 802122, 2, '岡村 大輔', 'オカムラ ダイスケ', '1973', '', 'Java', '', '71_岡村 大輔.xls', '', 1, '2025-04-26 11:00:00', '1', '2026-04-09 13:14:20', '12'),
	(72, '1', 802232, 2, '高橋 愛美香', 'タカハシ アミカ', '1995', '', 'Ruby', '', NULL, '', 1, '2025-04-26 11:00:00', '1', '2025-04-26 11:00:00', NULL),
	(73, '1', 802241, 2, '反町 雅彦', 'ソリマチ マサヒコ', '1972', '', 'Java', '', '73_反町 雅彦.doc', '', 1, '2025-04-26 11:00:00', '1', '2026-04-09 12:55:09', '12'),
	(74, '1', 802250, 2, '岩井 宏樹', 'イワイ ヒロキ', '1992', '', 'JavaScript', '', '74_岩井 宏樹.xlsx', '', 1, '2025-04-26 11:00:00', '1', '2026-04-09 13:20:32', '14'),
	(75, '1', 802309, 2, '宮川 純一', 'ミヤガワ ジュンイチ', '1978', '', 'Java', '', NULL, '', 1, '2025-04-26 11:00:00', '1', '2025-10-09 11:00:00', '8'),
	(76, '1', 802312, 2, '野村 佳子', 'ノムラ ヨシコ', '1992', '', 'Java', '', '76_野村 佳子.pdf', '', 1, '2025-04-26 11:00:00', '1', '2026-04-09 13:04:56', '14'),
	(77, '1', 802342, 2, '藤井 真則', 'フジイ マサノリ', '1989', '', 'Vue', '', '77_藤井 真則.xlsx', '', 1, '2025-04-26 11:00:00', '1', '2026-04-09 12:49:11', '13'),
	(78, '1', 802401, 2, '小林 達矢', 'コバヤシ タツヤ', '1979', '', 'Java', '', NULL, '', 1, '2025-04-26 11:00:00', '1', '2025-10-09 11:00:00', '8'),
	(79, '1', 802413, 2, '江村 繁人', 'エムラ シゲト', '1999', '', 'Ruby', '', NULL, '', 1, '2025-04-26 11:00:00', '1', '2026-01-22 11:00:00', '8'),
	(80, '1', 802414, 2, '古住 詩織', 'フルズミ シオリ', '1995', '', 'Python', '', '80_古住 詩織.xlsx', '', 1, '2025-04-26 11:00:00', '1', '2026-04-09 12:48:33', '13'),
	(81, '1', 802416, 2, '星井 芳斗', 'ホシイ ヨシト', '1990', '', 'JavaScript', '', NULL, '', 1, '2025-04-26 11:00:00', '1', '2025-04-26 11:00:00', NULL),
	(82, '1', 802420, 2, '藤崎 裕貴', 'フジサキ ユウキ', '1995', '', 'PMO', '', '82_藤崎 裕貴.xlsx', '', 1, '2025-04-26 11:00:00', '1', '2026-04-09 12:47:13', '13'),
	(83, '1', 802423, 2, '山崎 卓哉', 'ヤマザキ タクヤ', '1999', '', 'React', '', NULL, '', 1, '2025-04-26 11:00:00', '1', '2026-04-06 13:40:11', '11'),
	(84, '1', 802426, 2, '本間 夏海', 'ホンマ ナツミ', '1996', '', 'React', '', '84_本間 夏海.xlsx', '', 1, '2025-04-26 11:00:00', '1', '2026-04-09 12:54:12', '12'),
	(85, '1', 802427, 2, '濱田 優一', 'ハマダ ユウイチ', '1996', '', 'Python/JavaScript', '', NULL, '', 1, '2025-04-26 11:00:00', '1', '2025-12-04 11:00:00', '8'),
	(86, '1', 802429, 2, '遠藤 紘慶', 'エンドウ ヒロヨシ', '2002', '', 'Python', '', NULL, '', 1, '2025-04-26 11:00:00', '1', '2025-04-26 11:00:00', NULL),
	(87, '1', 802430, 2, '木村 仁美', 'キムラ ヒトミ', '1994', '', 'Perl/JavaScript', '', NULL, '', 1, '2025-04-26 11:00:00', '1', '2025-10-09 11:00:00', '8'),
	(88, '1', 802439, 2, '菅野 祥輝', 'カンノ ショウキ', '1999', '', 'React', '', NULL, '', 1, '2025-04-26 11:00:00', '1', '2025-06-07 11:00:00', '1'),
	(89, '1', 802440, 2, '今城 颯', 'イマシロ ソウ', '2000', '', 'React', '', '89_今城 颯.xlsx', '', 1, '2025-04-26 11:00:00', '1', '2026-04-09 13:32:52', '14'),
	(90, '1', 802443, 2, '小川 斉人', 'オガワ ナオト', '1972', '', 'Java', '', NULL, '', 1, '2025-04-26 11:00:00', '1', '2026-04-06 13:40:33', '11'),
	(91, '1', 802450, 2, '和田 幸信', 'ワダ ユキノブ', '1971', '', 'Java', '', NULL, '', 1, '2025-04-26 11:00:00', '1', '2025-10-09 11:00:00', '8'),
	(92, '1', 802502, 2, '外山 航希', 'トヤマ コウキ', '2001', '', 'React', '', NULL, '', 1, '2025-04-26 11:00:00', '1', '2026-01-22 11:00:00', '8'),
	(93, '1', 802507, 2, '貴田 浩紀', 'キダ ヒロキ', '1989', '', 'Ruby', '', NULL, '', 1, '2025-04-26 11:00:00', '1', '2025-10-09 11:00:00', '8'),
	(94, '1', 802508, 2, '藤原 健人', 'フジワラ ケント', '1999', '', 'Python', '', NULL, '', 1, '2025-04-26 11:00:00', '1', '2026-02-12 11:00:00', '11'),
	(95, '1', 802510, 2, '矢谷 真樹生', 'ヤタニ マキオ', '1995', '', 'Python', '', NULL, '', 1, '2025-04-26 11:00:00', '1', '2025-10-09 11:00:00', '8'),
	(96, '1', 802509, 2, '土屋 樹', 'ツチヤ タツキ', '1994', '', 'JavaScript', '', NULL, '', 1, '2025-04-26 11:00:00', '1', '2026-04-06 13:23:30', '11'),
	(97, '1', 811302, 2, '平林 勇太', 'ヒラバヤシ ユウタ', '1986', '', 'Linux', '', '97_平林 勇太.xlsx', '', 1, '2025-04-26 11:00:00', '1', '2026-04-13 12:33:20', '14'),
	(98, '1', 811620, 2, '青野 祐慈', 'セイノ ユウジ', '1980', '', 'Cisco', '', NULL, '', 1, '2025-04-26 11:00:00', '1', '2025-11-13 11:00:00', '8'),
	(99, '1', 811709, 2, '安居院 一徳', 'アグイ カズノリ', '1974', '', 'ネットワーク', '', NULL, '', 1, '2025-04-26 11:00:00', '1', '2025-11-13 11:00:00', '8'),
	(100, '1', 811909, 2, '大野 孟志', 'オオノ タケシ', '1989', '', 'Linux', '', '100_大野 孟志.xls', '', 1, '2025-04-26 11:00:00', '1', '2026-04-09 13:30:40', '14'),
	(101, '1', 812105, 2, '久保 国竹', 'クボ クニタケ', '1976', '', 'プリセールス', '', '101_久保 国竹.xlsx', '', 1, '2025-04-26 11:00:00', '1', '2026-04-09 12:58:23', '12'),
	(102, '1', 812109, 2, '平井 淳史', 'ヒライ アツシ', '1988', '', 'Linux/Vmware', '', NULL, '', 1, '2025-04-26 11:00:00', '1', '2026-04-06 13:34:32', '11'),
	(103, '1', 812219, 2, '和田 直幸', 'ワダ ナオユキ', '1981', '', 'AWS', '', '103_和田 直幸.xls', '', 1, '2025-04-26 11:00:00', '1', '2026-04-09 13:30:15', '14'),
	(104, '1', 812303, 2, '川谷 幸夫', 'カワタニ ユキオ', '1981', '', 'Linux', '', '104_川谷 幸夫.doc', '', 1, '2025-04-26 11:00:00', '1', '2026-04-09 13:09:07', '12'),
	(105, '1', 812311, 2, '澤木 啓', 'サワキ ヒロム', '1993', '', 'Linux', '', NULL, '', 1, '2025-04-26 11:00:00', '1', '2025-10-09 11:00:00', '8'),
	(106, '1', 812315, 2, '櫻田 奈都子', 'サクラダ ナツコ', '1992', '', 'Linux', '', '106_櫻田 奈都子.xlsx', '', 1, '2025-04-26 11:00:00', '1', '2026-04-09 12:59:26', '12'),
	(107, '1', 812316, 2, '佐藤 仁貴', 'サトウ ニキ', '1993', '', 'Linux', '', '107_佐藤 仁貴.xlsx', '', 1, '2025-04-26 11:00:00', '1', '2026-04-09 13:03:57', '13'),
	(108, '1', 812401, 2, '日髙 大地', 'ヒダカ ダイチ', '1997', '', 'ネットワーク', '', '108_日髙 大地.xlsx', '', 1, '2025-04-26 11:00:00', '1', '2026-04-10 12:40:49', '13'),
	(109, '1', 812403, 2, '金谷 優甫', 'カナヤ ユウスケ', '1994', '', 'Linux', '', '109_金谷 優甫.xlsx', '', 1, '2025-04-26 11:00:00', '1', '2026-04-07 11:00:00', '1'),
	(110, '1', 812404, 2, '小島 悠裕', 'コジマ ユウスケ', '1997', '', 'ネットワーク', '', NULL, '', 1, '2025-04-26 11:00:00', '1', '2026-04-06 13:35:03', '11'),
	(111, '1', 812409, 2, '山地 雅人', 'ヤマジ マサト', '1977', '', 'インフラ全般(オンプレ/クラウド)', '', NULL, '', 1, '2025-04-26 11:00:00', '1', '2025-04-26 11:00:00', NULL),
	(112, '1', 812415, 2, '佐久間 俊哉', 'サクマ トシヤ', '1987', '', 'サーバ運用(Linux/Windows)', '', NULL, '', 1, '2025-04-26 11:00:00', '1', '2025-04-26 11:00:00', NULL),
	(113, '1', 812416, 2, '渡部 佳幸', 'ワタナベ ヨシユキ', '1988', '', 'サーバ運用(Linux/Windows)', '', '113_渡部 佳幸.xlsx', '', 1, '2025-04-26 11:00:00', '1', '2026-04-09 13:29:09', '14'),
	(114, '1', 812418, 2, '小渕 晴久', 'コブチ ハルヒサ', '1986', '', 'Linux/Azure', '', NULL, '', 1, '2025-04-26 11:00:00', '1', '2026-01-22 11:00:00', '8'),
	(115, '1', 812421, 2, '稲葉 光', 'イナバ ヒカル', '1995', '', 'サーバ構築/保守(Windows/Linux)', '', NULL, '', 1, '2025-04-26 11:00:00', '1', '2025-06-07 11:00:00', '1'),
	(116, '1', 812422, 2, '谷口 拓己', 'タニグチ タクミ', '1998', '', 'Linux', '', '116_谷口 拓己.xlsx', '', 1, '2025-04-26 11:00:00', '1', '2026-04-09 13:01:35', '12'),
	(117, '1', 812424, 2, '前田 由佳', 'マエダ ユカ', '1994', '', 'Linux', '', '117_前田 由佳.xlsx', '', 1, '2025-04-26 11:00:00', '1', '2026-04-09 13:28:46', '14'),
	(118, '1', 812427, 2, '小山内 健悟', 'オサナイ ケンゴ', '1987', '', 'Shell/Python', '', NULL, '', 1, '2025-04-26 11:00:00', '1', '2026-04-06 13:34:09', '11'),
	(119, '1', 812428, 2, '下田 智貴', 'シモダ トモキ', '1994', '', 'AWS', '', '119_下田 智貴.pdf', '', 1, '2025-04-26 11:00:00', '1', '2026-04-09 13:00:46', '12'),
	(120, '1', 812429, 2, '石井 佳祐', 'イシイ ケイスケ', '2000', '', 'Linux', '', '120_石井 佳祐.xlsx', '', 1, '2025-04-26 11:00:00', '1', '2026-04-09 13:02:09', '12'),
	(121, '1', 812430, 2, '光岡 義弘', 'ミツオカ ヨシヒロ', '1998', '', 'AWS', '', NULL, '', 1, '2025-04-26 11:00:00', '1', '2026-04-06 13:41:01', '11'),
	(122, '1', 812431, 2, '向笠 一輝', 'ムカサ カズキ', '1990', '', 'VMware', '', NULL, '', 1, '2025-04-26 11:00:00', '1', '2025-10-09 11:00:00', '8'),
	(123, '1', 812432, 2, '武政 隼人', 'タケマサ ハヤト', '1988', '', 'VMware', '', NULL, '', 1, '2025-04-26 11:00:00', '1', '2026-04-06 13:35:24', '11'),
	(124, '1', 812501, 2, '鬼原 典和', 'キハラ ノリカズ', '1990', '', 'Linux', '', '124_鬼原 典和.xlsx', '', 1, '2025-04-26 11:00:00', '1', '2026-04-09 13:00:10', '12'),
	(125, '1', 812502, 2, '峯島 拓土', 'ミネシマ タクト', '1995', '', 'ネットワーク', '', NULL, '', 1, '2025-04-26 11:00:00', '1', '2026-04-06 13:36:00', '11'),
	(126, '1', 812503, 2, '松尾 風雅', 'マツオ フウガ', '1998', '', 'Linux', '', NULL, '', 1, '2025-04-26 11:00:00', '1', '2026-01-22 11:00:00', '8'),
	(127, '1', 802532, 2, '山田 聖奈', 'ヤマダ セイナ', '1992', '10年11ヶ月', 'Python', '3年5ヶ月', '127_山田 聖奈.xlsx', '', 1, '2025-05-13 11:00:00', '1', '2026-04-09 13:28:15', '14'),
	(128, '1', 812513, 2, '中澤 靖生', 'ナカザワ ヤスオ', '1977', '21年', 'Linux', '13年', NULL, '', 1, '2025-05-13 11:00:00', '1', '2025-10-09 11:00:00', '8'),
	(129, '1', 802533, 2, '岡村 康太', 'オカムラ コウタ', '1993', '5年', 'Java', '5年', '129_岡村 康太.xlsx', '', 1, '2025-05-23 11:00:00', '1', '2026-04-09 13:27:22', '14'),
	(130, '1', 802405, 2, '河内 大和', 'カワウチ ヤマト', '1999', '3年', 'Java', '3年', NULL, '', 1, '2025-05-30 11:00:00', '1', '2025-10-09 11:00:00', '8'),
	(131, '1', 802535, 2, '臼澤 嘉之', 'ウスザワ ヨシユキ', '1977', '20年', 'Marketo', '3年', NULL, '', 1, '2025-06-07 11:00:00', '1', '2025-06-07 11:00:00', NULL),
	(132, '1', 812514, 2, '加藤 誠也', 'カトウ セイヤ', '1989', '12年', 'Linux', '10年', NULL, '', 1, '2025-06-10 11:00:00', '1', '2026-04-06 13:42:08', '11'),
	(133, '1', 812515, 2, '湯浅 高弘', 'ユアサ タカヒロ', '1972', '28年', 'Linux、Zabbix、Python', '20年', NULL, '', 1, '2025-06-11 11:00:00', '1', '2026-04-06 13:38:44', '11'),
	(134, '1', 202506, 1, '篠木 悟志', 'シノキ サトシ', '1992', '5年', 'PHP', '5年', NULL, '', 0, '2025-06-11 11:00:00', '1', '2025-07-31 11:00:00', '1'),
	(135, '1', 802536, 2, '椎名 啓悟', 'シイナ ケイゴ', '1999', '6年', 'Flutter', '5年', NULL, '', 1, '2025-06-14 11:00:00', '1', '2025-06-14 11:00:00', NULL),
	(136, '1', 802537, 2, '広瀬 勝則', 'ヒロセ マサノリ', '1978', '19年', 'Java', '12年', '136_広瀬 勝則.pdf', '', 1, '2025-06-21 11:00:00', '1', '2026-04-07 11:00:00', '1'),
	(137, '1', 802534, 2, '奥 智哉', 'オク トモヤ', '1991', '8年', 'C#', '5年', '137_奥 智哉.pdf', '', 1, '2025-06-27 11:00:00', '1', '2026-04-09 13:08:09', '12'),
	(138, '1', 802538, 2, '安部 龍志', 'アベ リュウジ', '1988', '2年', 'PowerPlatform', '2年', NULL, '', 1, '2025-06-27 11:00:00', '1', '2026-04-06 13:39:50', '11'),
	(139, '1', 812516, 2, '田中 貴大', 'タナカ タカヒロ', '1994', '10年', 'AWS', '6年', NULL, '', 1, '2025-06-27 11:00:00', '1', '2026-01-22 11:00:00', '8'),
	(140, '1', 802539, 2, '小笠原 聡美', 'オガサワラ サトミ', '2000', '3年10ヶ月', 'TypeScript', '2年4ヶ月', '140_小笠原 聡美.xlsx', '', 1, '2025-07-16 11:00:00', '1', '2026-04-09 12:52:15', '13'),
	(141, '1', 812517, 2, '大島 秀斗', 'オオシマ ヨシト', '1992', '3年', 'Azure', '3年', NULL, '', 1, '2025-07-18 11:00:00', '1', '2025-10-09 11:00:00', '8'),
	(142, '1', 802540, 2, '女鹿 太智', 'メガ タイチ', '1998', '8年', 'React', '2年', NULL, '', 1, '2025-07-18 11:00:00', '1', '2026-01-22 11:00:00', '8'),
	(143, '1', 802541, 2, '朝倉 祐樹', 'アサクラ ヒロキ', '1973', '34年', 'Java', '30年', '143_朝倉 祐樹.xlsx', '', 1, '2025-07-30 11:00:00', '1', '2026-04-09 13:18:01', '13'),
	(144, '1', 802543, 2, '押川 航', 'オシカワ ワタル', '1997', '6年6ヶ月', 'Vue', '3年', '144_押川 航.xlsx', '', 1, '2025-07-30 11:00:00', '1', '2026-04-09 12:52:33', '13'),
	(145, '1', 802544, 2, '金田 明大', 'カネダ アキヒロ', '1998', '3年6ヶ月', 'Vue', '3年1ヶ月', '145_金田 明大.xlsx', '', 1, '2025-07-30 11:00:00', '1', '2026-04-09 13:09:55', '13'),
	(146, '1', 802542, 2, '小林 翔太', 'コバヤシ ショウタ', '1996', '6年6ヶ月', 'Ruby', '6年6ヶ月', '146_小林 翔太.xlsx', '', 1, '2025-07-30 11:00:00', '1', '2026-04-09 12:50:09', '13'),
	(147, '1', 812518, 2, '木田 悟史', 'キダ サトシ', '1977', '24年9ヶ月', 'Exchange', '1年', NULL, '', 1, '2025-07-31 11:00:00', '1', '2026-02-12 11:00:00', '11'),
	(148, '1', 802545, 2, '難波 悠斗', 'ナンバ ユウト', '1999', '6年', 'Flutter', '2年', NULL, '', 1, '2025-08-23 11:00:00', '1', '2026-01-22 11:00:00', '8'),
	(149, '1', 802548, 2, '及川 裕之', 'オイカワ ヒロユキ', '1978', '24年1ヶ月', 'Perl', '5年7ヶ月', NULL, '', 1, '2025-09-02 11:00:00', '1', '2026-01-22 11:00:00', '8'),
	(150, '1', 812519, 2, '宮尾 勲', 'ミヤオ イサオ', '1979', '18年7ヶ月', 'GCP', '2年6ヶ月', '150_宮尾 勲.xlsx', '', 1, '2025-09-02 11:00:00', '1', '2026-04-09 12:51:37', '13'),
	(151, '1', 802549, 2, '松井 和人', 'マツイ カズヒト', '1985', '17年', 'Java', '13年', NULL, '', 1, '2025-09-02 11:00:00', '1', '2026-04-06 13:41:50', '11'),
	(152, '1', 802546, 2, '森島 拓', 'モリシマ タク', '1992', '10年', 'Java', '2年', '152_森島 拓.xlsx', '', 1, '2025-09-02 11:00:00', '1', '2026-04-09 13:27:01', '14'),
	(153, '1', 802550, 2, '三角 周平', 'ミスミ シュウヘイ', '1997', '5年', 'JavaScript', '2年', NULL, '', 1, '2025-09-02 11:00:00', '1', '2026-01-22 11:00:00', '8'),
	(154, '1', 802547, 2, '吉田 祐馬', 'ヨシダ ユウマ', '1990', '9年', 'Java', '7年', NULL, '', 1, '2025-09-10 11:00:00', '1', '2026-02-12 11:00:00', '11'),
	(155, '5', 802551, 2, '青沼 拓弥', 'アオヌマ タクヤ', '1995', '7年', 'Java', '7年', NULL, '', 1, '2025-09-18 11:00:00', '5', '2025-11-13 11:00:00', '8'),
	(156, '5', 802552, 2, '小林 雄磨', 'コバヤシ ユウマ', '1994', '8年', 'Java', '5年', '156_小林 雄磨.xlsx', '', 1, '2025-09-18 11:00:00', '5', '2026-04-09 13:07:25', '12'),
	(157, '4', 802553, 2, '小川 淳司', 'オガワ アツシ', '1973', '27年9ヶ月', 'PL/SQL', '11年6ヶ月', NULL, '', 1, '2025-09-19 11:00:00', '4', '2026-01-22 11:00:00', '8'),
	(158, '5', 802554, 2, '櫻木 宏太朗', 'サクラギ コウタロウ', '1993', '6年', 'Java', '6年', '158_櫻木 宏太朗.xlsx', '', 1, '2025-09-22 11:00:00', '5', '2026-04-09 13:06:49', '12'),
	(159, '4', 812520, 2, '岡田 拓実', 'オカダ タクミ', '1991', '11年', 'AWS', '3年6ヶ月', NULL, '', 1, '2025-09-26 11:00:00', '4', '2026-04-06 13:39:08', '11'),
	(160, '3', 812521, 2, '吉田 裕伸', 'ヨシダ ヒロノブ', '1990', '7年11ヵ月', 'AWS', '1年9ヶ月', '160_吉田 裕伸.xlsx', '', 1, '2025-10-07 11:00:00', '3', '2026-04-07 11:00:00', '1'),
	(161, '5', 802555, 2, '久保 稔樹', 'クボ トシキ', '1996', '6年', 'Java', '6年', '161_久保 稔樹.xlsx', '', 1, '2025-10-10 11:00:00', '5', '2026-04-09 13:26:34', '14'),
	(162, '5', 812522, 2, '中野 雛', 'ナカノ ヒナ', '2001', '2年', 'AWS', '7ヶ月', '162_中野 雛.xlsx', '', 1, '2025-10-15 11:00:00', '5', '2026-04-09 13:09:57', '12'),
	(163, '5', 802556, 2, '新林 祐太', 'シンバヤシ ユウタ', '1988', '14年', 'Java', '13年', '163_新林 祐太.xlsx', '', 1, '2025-10-22 11:00:00', '5', '2026-04-10 12:48:31', '14'),
	(165, '5', 802557, 2, '菊地 裕暁', 'キクチ ヒロアキ', '1984', '17年', 'Java', '13年', NULL, '', 1, '2025-11-12 11:00:00', '5', '2026-04-06 13:42:32', '11'),
	(166, '5', 802601, 2, '岡田 真', 'オカダ マコト', '1976', '25年', 'Java', '10年', '166_岡田 真.xls', '', 1, '2025-11-18 11:00:00', '5', '2026-04-10 12:33:28', '14'),
	(167, '3', 812523, 2, '佐々木 雄大', 'ササキ ユウタ', '1993', '7年', 'Windows', '7年', '167_佐々木 雄大.xlsx', '', 1, '2025-11-18 11:00:00', '3', '2026-04-09 13:02:24', '13'),
	(168, '5', 802558, 2, '野中 恭太', 'ノナカ キョウタ', '1989', '12年', 'Python', '7年', '168_野中 恭太.xlsx', '', 1, '2025-11-21 11:00:00', '5', '2026-04-09 13:03:02', '13'),
	(169, '5', 802559, 2, '進藤 昭司', 'シンドウ アキツカ', '1973', '30年', 'Java', '15年', '169_進藤 昭司.pdf', '', 1, '2025-11-25 11:00:00', '5', '2026-05-13 16:15:50', '11'),
	(170, '3', 812524, 2, '堀川 敬', 'ホリカワ タカシ', '1977', '21年', 'AWS', '11年', NULL, '', 1, '2025-11-26 11:00:00', '3', '2026-03-12 11:00:00', '8'),
	(171, '5', 802602, 2, '冨澤 勇人', 'トミサワ ユウト', '1996', '5年', 'Java', '5年', '171_冨澤 勇人.xlsx', '', 1, '2025-12-08 11:00:00', '5', '2026-04-10 12:34:24', '14'),
	(172, '3', 802604, 2, '緒方 惟人', 'オガタ ノブヒト', '1994', '7年5ヶ月', 'Ruby', '5年', '172_緒方 惟人.xlsx', '', 1, '2025-12-09 11:00:00', '3', '2026-04-10 13:01:43', '13'),
	(173, '5', 812601, 2, '藤永 悠斗', 'フジナガ ユウト', '1997', '3年', 'NW(L2/L3)', '3年', NULL, '', 1, '2025-12-10 11:00:00', '5', '2026-04-06 13:39:33', '11'),
	(174, '5', 802606, 2, '木村 周平', 'キムラ シュウヘイ', '1998', '7年', 'Flutter', '1年', '174_木村 周平.xlsx', '', 1, '2025-12-17 11:00:00', '5', '2026-05-13 16:14:13', '11'),
	(177, '2', 802605, 2, '伊藤 彰汰', 'イトウ ショウタ', '1996', '7年', 'Python', '4年', '177_伊藤 彰汰.xlsx', '', 1, '2025-12-19 11:00:00', '2', '2026-04-10 13:10:12', '13'),
	(178, '2', 802603, 2, '宮田 英明', 'ミヤタ ヒデアキ', '1979', '23年', 'Java', '20年', '178_宮田 英明.xlsx', '', 1, '2025-12-22 11:00:00', '2', '2026-04-09 13:20:54', '14'),
	(179, '5', 802607, 2, '松澤 要', 'マツザワ カナメ', '1978', '15年', 'Kotlin', '1年', '179_松澤 要.xlsx', '', 1, '2025-12-25 11:00:00', '5', '2026-05-13 16:12:21', '11'),
	(180, '2', 812602, 2, '佐野 仁也', 'サノ シンヤ', '1981', '23年', 'Oracle', '20年', NULL, '', 1, '2025-12-26 11:00:00', '2', '2026-04-06 13:41:25', '11'),
	(181, '5', 802608, 2, '田邊 渉', 'タナベ ワタル', '1997', '8年', 'Java', '7年', '181_田邊 渉.xlsx', '', 1, '2026-01-14 11:00:00', '5', '2026-04-10 12:41:04', '13'),
	(182, '5', 812603, 2, '規井 一希', 'ノリイ カズキ', '1989', '4年', 'Python', '1年', '182_規井 一希.xlsx', '', 1, '2026-01-14 11:00:00', '5', '2026-04-10 12:42:01', '13'),
	(183, '12', 802609, 2, '関 友也', 'セキ トモヤ', '2000', '8年', 'Java', '4年', '183_関 友也.xlsx', '', 1, '2026-01-15 11:00:00', '12', '2026-04-09 13:38:55', '12'),
	(184, '5', 802610, 2, '中村 友昭', 'ナカムラ トモアキ', '1980', '22年', 'Java', '16年', '184_中村 友昭.xlsx', '', 1, '2026-01-16 11:00:00', '5', '2026-04-10 12:41:42', '13'),
	(185, '12', 812604, 2, '小室 弦太', 'コムロ ゲンタ', '2002', '4年', 'AWS', '2年6ヶ月', '185_小室 弦太.xlsx', '', 1, '2026-01-19 11:00:00', '12', '2026-04-09 13:21:52', '12'),
	(186, '12', 802611, 2, '平田 勝也', 'ヒラタ カツヤ', '1990', '14年', 'Java', '11年', '186_平田 勝也.xlsx', '', 1, '2026-01-23 11:00:00', '12', '2026-04-09 13:18:58', '13'),
	(187, '3', 812605, 2, '須賀 大輔', 'スガ ダイスケ', '1985', '20年', 'Active Directory', '2年', '187_須賀 大輔.xlsx', '', 1, '2026-02-16 11:00:00', '3', '2026-04-07 11:00:00', '1'),
	(188, '12', 802306, 2, '熊谷 仁', 'クマガヤ ジン', '1984', '18年', 'Java', '16年', '188_熊谷 仁.xlsx', '', 1, '2026-02-20 11:00:00', '12', '2026-04-09 13:31:09', '12'),
	(189, '12', 802615, 2, '岡部 統吾', 'オカベ トウゴ', '1990', '8年', 'Java', '8年', '189_岡部 統吾.xlsx', '', 1, '2026-03-05 11:00:00', '12', '2026-04-09 13:25:22', '12'),
	(190, '12', 802614, 2, '都築 敢希', 'ツヅキ アキ', '1998', '6年', 'Java', '5年', '190_都築 敢希.xlsx', '', 1, '2026-03-13 11:00:00', '12', '2026-04-09 13:29:02', '12'),
	(191, '13', 812606, 2, '鳥越 桜子', 'トリコシ サクラコ', '1993', '8年', 'Shell/Python', '2年', '191_鳥越 桜子.pdf', '', 1, '2026-03-16 11:00:00', '13', '2026-04-14 10:53:49', '11'),
	(192, '12', 802612, 2, '市原 諒', 'イチハラ リョウ', '1996', '8年', 'Python', '4年', '192_市原 諒.xlsx', '', 1, '2026-03-23 11:00:00', '12', '2026-05-13 16:16:26', '11'),
	(193, '12', 802613, 2, '田中 亮太', 'タナカ リョウタ', '1996', '7年', 'Python', '4年', '193_田中 亮太.xlsx', '', 1, '2026-03-23 11:00:00', '12', '2026-04-09 13:11:04', '12'),
	(194, '14', 202601, 1, '菊地 智寛', 'キクチ トモヒロ', '1994', '6ヶ月', 'Java', '6ヶ月', NULL, '', 1, '2026-03-23 11:00:00', '14', '2026-04-03 11:09:24', '8'),
	(195, '13', 812607, 2, '冨永 浩', 'トミナガ ヒロシ', '1989', '13年', 'GWS/AD', '3年', '195_冨永 浩.xlsx', '', 1, '2026-03-23 11:00:00', '13', '2026-04-21 12:37:11', '8'),
	(196, '13', 802616, 2, '紅林 賢', 'クレバヤシ サトル', '1998', '3年', 'Java', '3年', '196_紅林 賢.xlsx', '', 1, '2026-03-23 11:00:00', '13', '2026-04-09 12:57:08', '13'),
	(197, '13', 802617, 2, '池 有司', 'イケ ユウジ', '1994', '2年', 'Java', '2年', '197_池 有司.pdf', '', 1, '2026-03-23 11:00:00', '13', '2026-04-09 12:57:33', '13'),
	(198, '13', 802618, 2, '山本 憲', 'ヤマモト ケン', '1999', '5年', 'TypeScript', '2年', '198_山本 憲.xlsx', '', 1, '2026-04-27 15:32:44', '13', '2026-05-11 11:26:57', '8'),
	(199, '14', 802620, 2, '大野 智也', 'オオノ トモナリ', '1975', '29年', 'Notes', '25年', '199_大野 智也.pdf', '', 1, '2026-05-14 19:37:32', '14', '2026-06-03 16:40:20', '8'),
	(200, '14', 812609, 2, '宮井 達郎', 'ミヤイ タツロウ', '1979', '16年', 'Linux', '16年', '200_宮井 達郎.xlsx', '', 1, '2026-05-15 09:53:40', '14', '2026-06-03 16:40:40', '8'),
	(201, '12', 802619, 2, '家村 誠', 'イエムラ マコト', '1993', '6年', 'C#', '4年', '201_家村 誠.xlsx', '', 1, '2026-05-21 10:42:34', '12', '2026-06-03 16:39:59', '8'),
	(202, '12', 802621, 2, '日高 千抄子', 'ヒダカ チサコ', '1972', '31年', 'Windows', '31年', '202_日高 千抄子.doc', '', 1, '2026-05-21 16:37:10', '12', '2026-05-28 15:56:29', '8'),
	(203, '12', NULL, 2, '田中 智之', 'タナカ トモユキ', '1979', '12年', 'テスター', '8年', '203_田中 智之.xls', '', 1, '2026-05-21 16:47:25', '12', '2026-05-21 16:47:25', NULL),
	(204, '14', 812608, 2, '鈴木 洋隆', 'スズキ ヒロタカ', '1977', '28年', 'AWS', '11年', '204_鈴木 洋隆.pdf', '', 1, '2026-05-25 11:02:30', '14', '2026-06-03 16:40:31', '8'),
	(205, '5', 202603, 1, '須賀 麗心', 'スガ レミ', '2004', '', '', '', NULL, '', 1, '2026-06-02 17:20:48', '5', '2026-06-03 16:50:00', '11'),
	(206, '14', 202604, 1, '築島 諒', 'ツキシマ リョウ', '2004', '', '', '', NULL, '', 1, '2026-06-02 18:56:19', '14', '2026-06-03 16:49:30', '11');

--  テーブル sfa.phinxlog の構造をダンプしています
DROP TABLE IF EXISTS `phinxlog`;
CREATE TABLE IF NOT EXISTS `phinxlog` (
  `version` bigint(20) NOT NULL,
  `migration_name` varchar(100) DEFAULT NULL,
  `start_time` timestamp NULL DEFAULT NULL,
  `end_time` timestamp NULL DEFAULT NULL,
  `breakpoint` tinyint(1) NOT NULL DEFAULT 0,
  PRIMARY KEY (`version`)
) ENGINE=InnoDB DEFAULT CHARSET=utf8mb4 COLLATE=utf8mb4_unicode_ci;

-- テーブル sfa.phinxlog: ~22 rows (約) のデータをダンプしています
INSERT INTO `phinxlog` (`version`, `migration_name`, `start_time`, `end_time`, `breakpoint`) VALUES
	(20260519161600, 'AddClientOrderFilingToFilings', '2026-05-29 16:56:22', '2026-05-29 16:56:22', 0),
	(20260519161949, 'AddBpOrderFilingToFilings', '2026-05-29 16:56:26', '2026-05-29 16:56:26', 0),
	(20260523010000, 'AddHourlyRateToContracts', '2026-05-29 16:56:26', '2026-05-29 16:56:26', 0),
	(20260523014626, 'AddWageTypeToContracts', '2026-05-29 16:56:27', '2026-05-29 16:56:27', 0),
	(20260523020000, 'MovePeriodColumnInContracts', '2026-05-29 16:56:28', '2026-05-29 16:56:28', 0),
	(20260527000000, 'AddOrderDateToContracts', '2026-05-29 16:56:28', '2026-05-29 16:56:28', 0),
	(20260529000000, 'AddClientOrderMailToFilings', '2026-05-29 16:56:30', '2026-05-29 16:56:30', 0),
	(20260530000000, 'CreateContractRenewals', '2026-05-29 16:57:12', '2026-05-29 16:57:12', 0),
	(20260602000000, 'CreateEngineerTimesheets', '2026-06-01 18:46:50', '2026-06-01 18:46:50', 0),
	(20260602000001, 'CreateEngineerTimesheetFiles', '2026-06-01 18:46:50', '2026-06-01 18:46:50', 0),
	(20260602000002, 'AddZipPasswordToEngineerTimesheets', '2026-06-01 18:46:50', '2026-06-01 18:46:50', 0),
	(20260602120000, 'AddNoteToFilings', '2026-06-02 21:27:46', '2026-06-02 21:27:46', 0),
	(20260602130000, 'RenameSituationToNoteInContractRenewals', '2026-06-02 21:27:46', '2026-06-02 21:27:46', 0),
	(20260603100000, 'CreateEngineerWatchlistItems', '2026-06-03 14:58:30', '2026-06-03 14:58:30', 0),
	(20260603100001, 'CreateEngineerWatchlistItemFiles', '2026-06-03 14:58:30', '2026-06-03 14:58:30', 0),
	(20260604100000, 'CreateEngineerWatchlistSettings', '2026-06-03 15:14:36', '2026-06-03 15:14:36', 0),
	(20260604110000, 'AddSummaryToEngineerWatchlistSettings', '2026-06-03 15:19:25', '2026-06-03 15:19:25', 0),
	(20260604120000, 'AddCategoryToEngineerWatchlistSettings', '2026-06-03 15:23:07', '2026-06-03 15:23:07', 0),
	(20260604130000, 'ChangeCategoryToStringInEngineerWatchlistSettings', '2026-06-03 15:24:33', '2026-06-03 15:24:33', 0),
	(20260604140000, 'RenameCategoryToReasonInEngineerWatchlistSettings', '2026-06-03 15:58:30', '2026-06-03 15:58:30', 0),
	(20260604150000, 'RenamePicToPathInEngineerWatchlistItems', '2026-06-03 16:01:14', '2026-06-03 16:01:14', 0),
	(20260604160000, 'CreateOrderTokens', '2026-06-03 17:34:48', '2026-06-03 17:34:48', 0);

--  テーブル sfa.sessions の構造をダンプしています
DROP TABLE IF EXISTS `sessions`;
CREATE TABLE IF NOT EXISTS `sessions` (
  `id` char(40) CHARACTER SET ascii COLLATE ascii_bin NOT NULL,
  `created` datetime DEFAULT current_timestamp(),
  `modified` datetime DEFAULT current_timestamp() ON UPDATE current_timestamp(),
  `data` blob DEFAULT NULL,
  `expires` int(10) unsigned DEFAULT NULL,
  PRIMARY KEY (`id`)
) ENGINE=InnoDB DEFAULT CHARSET=utf8 COLLATE=utf8_general_ci;

-- テーブル sfa.sessions: ~24 rows (約) のデータをダンプしています
INSERT INTO `sessions` (`id`, `created`, `modified`, `data`, `expires`) VALUES
	('20duae131l7ou3m5ulaal3dfe0', '2026-06-01 10:01:58', '2026-06-03 13:15:40', _binary 0x436f6e6669677c613a313a7b733a343a2274696d65223b693a313738303439323534303b7d417574687c4f3a32313a224170705c4d6f64656c5c456e746974795c55736572223a31323a7b733a31303a22002a005f6669656c6473223b613a32333a7b733a323a226964223b733a313a2232223b733a383a22757365726e616d65223b733a373a22656e6f6d6f746f223b733a353a22656d61696c223b733a31373a22656e6f6d6f746f4069637a2e636f2e6a70223b733a383a2270617373776f7264223b733a36303a2224327924313024496e3272797073514d64777558444156655269767a2e41647739597030787a646d48414a5533734633734e4c744c526d6962677769223b733a31303a2266697273745f6e616d65223b733a363a22e698ade5ba83223b733a393a226c6173745f6e616d65223b733a363a22e6a68ee69cac223b733a31323a22646973706c61795f6e616d65223b733a363a22e6a68ee69cac223b733a333a226a6f62223b733a353a2273616c6573223b733a383a22706f736974696f6e223b693a313b733a353a22746f6b656e223b4e3b733a31333a22746f6b656e5f65787069726573223b4e3b733a393a226170695f746f6b656e223b4e3b733a31353a2261637469766174696f6e5f64617465223b4e3b733a363a22736563726574223b4e3b733a31353a227365637265745f7665726966696564223b4e3b733a383a22746f735f64617465223b4e3b733a363a22616374697665223b623a313b733a31323a2269735f737570657275736572223b623a303b733a343a22726f6c65223b733a343a2275736572223b733a373a2263726561746564223b4f3a32303a2243616b655c4931386e5c46726f7a656e54696d65223a333a7b733a343a2264617465223b733a32363a22323032352d30332d30312031313a30303a30302e303030303030223b733a31333a2274696d657a6f6e655f74797065223b693a333b733a383a2274696d657a6f6e65223b733a31303a22417369612f546f6b796f223b7d733a383a226d6f646966696564223b4f3a32303a2243616b655c4931386e5c46726f7a656e54696d65223a333a7b733a343a2264617465223b733a32363a22323032352d30332d30312031313a30303a30302e303030303030223b733a31333a2274696d657a6f6e655f74797065223b693a333b733a383a2274696d657a6f6e65223b733a31303a22417369612f546f6b796f223b7d733a31353a226164646974696f6e616c5f64617461223b4e3b733a31303a226c6173745f6c6f67696e223b4f3a32303a2243616b655c4931386e5c46726f7a656e54696d65223a333a7b733a343a2264617465223b733a32363a22323032362d30352d31382032323a31353a35372e303030303030223b733a31333a2274696d657a6f6e655f74797065223b693a333b733a383a2274696d657a6f6e65223b733a31303a22417369612f546f6b796f223b7d7d733a31323a22002a005f6f726967696e616c223b613a303a7b7d733a31303a22002a005f68696464656e223b613a343a7b693a303b733a383a2270617373776f7264223b693a313b733a353a22746f6b656e223b693a323b733a31333a22746f6b656e5f65787069726573223b693a333b733a393a226170695f746f6b656e223b7d733a31313a22002a005f7669727475616c223b613a303a7b7d733a393a22002a005f6469727479223b613a303a7b7d733a373a22002a005f6e6577223b623a303b733a31303a22002a005f6572726f7273223b613a303a7b7d733a31313a22002a005f696e76616c6964223b613a303a7b7d733a31343a22002a005f61636365737369626c65223b613a343a7b733a313a222a223b623a313b733a323a226964223b623a303b733a31323a2269735f737570657275736572223b623a303b733a343a22726f6c65223b623a313b7d733a31373a22002a005f7265676973747279416c696173223b733a353a225573657273223b733a31383a22002a005f6861734265656e56697369746564223b623a303b733a31373a22002a005f686173416c6c6f77734e756c6c223b623a303b7d466c6173687c613a303a7b7d, 1781097340),
	('2c0ea1nu8e48dbo6vkphneb52s', '2026-05-27 04:06:45', '2026-06-02 10:26:38', _binary 0x436f6e6669677c613a313a7b733a343a2274696d65223b693a313738303339353939383b7d417574687c4f3a32313a224170705c4d6f64656c5c456e746974795c55736572223a31323a7b733a31303a22002a005f6669656c6473223b613a32333a7b733a323a226964223b733a323a223133223b733a383a22757365726e616d65223b733a363a2274616b617365223b733a353a22656d61696c223b733a31363a2274616b6173654069637a2e636f2e6a70223b733a383a2270617373776f7264223b733a36303a2224327924313024454b61484b786c316c435576666b644e4d42426651655561634c4c634f3745766d7434395a727569527537366b77386f2e32425771223b733a31303a2266697273745f6e616d65223b733a363a22e58b87e8bc9d223b733a393a226c6173745f6e616d65223b733a363a22e9ab99e780a8223b733a31323a22646973706c61795f6e616d65223b733a363a22e9ab99e780a8223b733a333a226a6f62223b733a353a2273616c6573223b733a383a22706f736974696f6e223b693a343b733a353a22746f6b656e223b733a303a22223b733a31333a22746f6b656e5f65787069726573223b4e3b733a393a226170695f746f6b656e223b733a303a22223b733a31353a2261637469766174696f6e5f64617465223b4e3b733a363a22736563726574223b4e3b733a31353a227365637265745f7665726966696564223b4e3b733a383a22746f735f64617465223b4e3b733a363a22616374697665223b623a313b733a31323a2269735f737570657275736572223b623a303b733a343a22726f6c65223b733a343a2275736572223b733a373a2263726561746564223b4f3a32303a2243616b655c4931386e5c46726f7a656e54696d65223a333a7b733a343a2264617465223b733a32363a22323032352d30342d30392031313a30303a30302e303030303030223b733a31333a2274696d657a6f6e655f74797065223b693a333b733a383a2274696d657a6f6e65223b733a31303a22417369612f546f6b796f223b7d733a383a226d6f646966696564223b4f3a32303a2243616b655c4931386e5c46726f7a656e54696d65223a333a7b733a343a2264617465223b733a32363a22323032362d30332d30332031313a30303a30302e303030303030223b733a31333a2274696d657a6f6e655f74797065223b693a333b733a383a2274696d657a6f6e65223b733a31303a22417369612f546f6b796f223b7d733a31353a226164646974696f6e616c5f64617461223b4e3b733a31303a226c6173745f6c6f67696e223b4f3a32303a2243616b655c4931386e5c46726f7a656e54696d65223a333a7b733a343a2264617465223b733a32363a22323032362d30352d31312031363a31363a35312e303030303030223b733a31333a2274696d657a6f6e655f74797065223b693a333b733a383a2274696d657a6f6e65223b733a31303a22417369612f546f6b796f223b7d7d733a31323a22002a005f6f726967696e616c223b613a303a7b7d733a31303a22002a005f68696464656e223b613a343a7b693a303b733a383a2270617373776f7264223b693a313b733a353a22746f6b656e223b693a323b733a31333a22746f6b656e5f65787069726573223b693a333b733a393a226170695f746f6b656e223b7d733a31313a22002a005f7669727475616c223b613a303a7b7d733a393a22002a005f6469727479223b613a303a7b7d733a373a22002a005f6e6577223b623a303b733a31303a22002a005f6572726f7273223b613a303a7b7d733a31313a22002a005f696e76616c6964223b613a303a7b7d733a31343a22002a005f61636365737369626c65223b613a343a7b733a313a222a223b623a313b733a323a226964223b623a303b733a31323a2269735f737570657275736572223b623a303b733a343a22726f6c65223b623a313b7d733a31373a22002a005f7265676973747279416c696173223b733a353a225573657273223b733a31383a22002a005f6861734265656e56697369746564223b623a303b733a31373a22002a005f686173416c6c6f77734e756c6c223b623a303b7d466c6173687c613a303a7b7d, 1781000798),
	('2ki9up4tlrduvldtcmfa1apnir', '2026-06-03 18:03:52', '2026-06-03 18:09:03', _binary 0x436f6e6669677c613a313a7b733a343a2274696d65223b693a313738303531303134333b7d466c6173687c613a303a7b7d417574687c4f3a32313a224170705c4d6f64656c5c456e746974795c55736572223a31323a7b733a31303a22002a005f6669656c6473223b613a32333a7b733a323a226964223b733a313a2236223b733a383a22757365726e616d65223b733a353a22616b697761223b733a353a22656d61696c223b733a31353a22616b6977614069637a2e636f2e6a70223b733a383a2270617373776f7264223b733a36303a222432792431302434785371706f6d416c593054612e2f2f434b5a4e572e3957676345626b467a5368686d372e3942474545556a434645587652415a57223b733a31303a2266697273745f6e616d65223b733a393a22e79c9fe6a8b9e5ad90223b733a393a226c6173745f6e616d65223b733a363a22e7a78be5928c223b733a31323a22646973706c61795f6e616d65223b733a363a22e7a78be5928c223b733a333a226a6f62223b733a31303a226163636f756e74696e67223b733a383a22706f736974696f6e223b693a39393b733a353a22746f6b656e223b733a303a22223b733a31333a22746f6b656e5f65787069726573223b4e3b733a393a226170695f746f6b656e223b733a303a22223b733a31353a2261637469766174696f6e5f64617465223b4e3b733a363a22736563726574223b4e3b733a31353a227365637265745f7665726966696564223b4e3b733a383a22746f735f64617465223b4e3b733a363a22616374697665223b623a313b733a31323a2269735f737570657275736572223b623a303b733a343a22726f6c65223b733a343a2275736572223b733a373a2263726561746564223b4f3a32303a2243616b655c4931386e5c46726f7a656e54696d65223a333a7b733a343a2264617465223b733a32363a22323032352d30332d30312031313a30303a30302e303030303030223b733a31333a2274696d657a6f6e655f74797065223b693a333b733a383a2274696d657a6f6e65223b733a31303a22417369612f546f6b796f223b7d733a383a226d6f646966696564223b4f3a32303a2243616b655c4931386e5c46726f7a656e54696d65223a333a7b733a343a2264617465223b733a32363a22323032362d30352d32382032313a33313a32362e303030303030223b733a31333a2274696d657a6f6e655f74797065223b693a333b733a383a2274696d657a6f6e65223b733a31303a22417369612f546f6b796f223b7d733a31353a226164646974696f6e616c5f64617461223b4e3b733a31303a226c6173745f6c6f67696e223b4f3a32303a2243616b655c4931386e5c46726f7a656e54696d65223a333a7b733a343a2264617465223b733a32363a22323032362d30362d30342030333a30333a35322e333636333234223b733a31333a2274696d657a6f6e655f74797065223b693a333b733a383a2274696d657a6f6e65223b733a31303a22417369612f546f6b796f223b7d7d733a31323a22002a005f6f726967696e616c223b613a313a7b733a31303a226c6173745f6c6f67696e223b4f3a32303a2243616b655c4931386e5c46726f7a656e54696d65223a333a7b733a343a2264617465223b733a32363a22323032362d30362d30332031373a35373a33312e303030303030223b733a31333a2274696d657a6f6e655f74797065223b693a333b733a383a2274696d657a6f6e65223b733a31303a22417369612f546f6b796f223b7d7d733a31303a22002a005f68696464656e223b613a343a7b693a303b733a383a2270617373776f7264223b693a313b733a353a22746f6b656e223b693a323b733a31333a22746f6b656e5f65787069726573223b693a333b733a393a226170695f746f6b656e223b7d733a31313a22002a005f7669727475616c223b613a303a7b7d733a393a22002a005f6469727479223b613a313a7b733a31303a226c6173745f6c6f67696e223b623a313b7d733a373a22002a005f6e6577223b623a303b733a31303a22002a005f6572726f7273223b613a303a7b7d733a31313a22002a005f696e76616c6964223b613a303a7b7d733a31343a22002a005f61636365737369626c65223b613a343a7b733a313a222a223b623a313b733a323a226964223b623a303b733a31323a2269735f737570657275736572223b623a303b733a343a22726f6c65223b623a313b7d733a31373a22002a005f7265676973747279416c696173223b733a353a225573657273223b733a31383a22002a005f6861734265656e56697369746564223b623a303b733a31373a22002a005f686173416c6c6f77734e756c6c223b623a303b7d, 1781114943),
	('2t4ooq7ve3lcq3to30osuoqfa3', '2026-06-03 16:05:46', '2026-06-04 15:31:22', _binary 0x436f6e6669677c613a313a7b733a343a2274696d65223b693a313738303538373038323b7d466c6173687c613a303a7b7d417574687c4f3a32313a224170705c4d6f64656c5c456e746974795c55736572223a31323a7b733a31303a22002a005f6669656c6473223b613a32333a7b733a323a226964223b733a313a2231223b733a383a22757365726e616d65223b733a353a2261646d696e223b733a353a22656d61696c223b733a31353a2261646d696e4069637a2e636f2e6a70223b733a383a2270617373776f7264223b733a36303a2224327924313024556e647575314c4b3833783839516a76766f364a6b2e7339576e4344726639366970317639554a4b7071323754696b666474793469223b733a31303a2266697273745f6e616d65223b733a353a2241646d696e223b733a393a226c6173745f6e616d65223b733a333a2249435a223b733a31323a22646973706c61795f6e616d65223b733a393a2249435a2041646d696e223b733a333a226a6f62223b733a393a226e6f6e2d73616c6573223b733a383a22706f736974696f6e223b693a39393b733a353a22746f6b656e223b4e3b733a31333a22746f6b656e5f65787069726573223b4e3b733a393a226170695f746f6b656e223b4e3b733a31353a2261637469766174696f6e5f64617465223b4e3b733a363a22736563726574223b4e3b733a31353a227365637265745f7665726966696564223b4e3b733a383a22746f735f64617465223b4e3b733a363a22616374697665223b623a313b733a31323a2269735f737570657275736572223b623a313b733a343a22726f6c65223b733a393a22737570657275736572223b733a373a2263726561746564223b4f3a32303a2243616b655c4931386e5c46726f7a656e54696d65223a333a7b733a343a2264617465223b733a32363a22323032352d30332d30312031313a30303a30302e303030303030223b733a31333a2274696d657a6f6e655f74797065223b693a333b733a383a2274696d657a6f6e65223b733a31303a22417369612f546f6b796f223b7d733a383a226d6f646966696564223b4f3a32303a2243616b655c4931386e5c46726f7a656e54696d65223a333a7b733a343a2264617465223b733a32363a22323032352d30332d30312031313a30303a30302e303030303030223b733a31333a2274696d657a6f6e655f74797065223b693a333b733a383a2274696d657a6f6e65223b733a31303a22417369612f546f6b796f223b7d733a31353a226164646974696f6e616c5f64617461223b4e3b733a31303a226c6173745f6c6f67696e223b4f3a32303a2243616b655c4931386e5c46726f7a656e54696d65223a333a7b733a343a2264617465223b733a32363a22323032362d30362d30342030313a30353a34362e343935343833223b733a31333a2274696d657a6f6e655f74797065223b693a333b733a383a2274696d657a6f6e65223b733a31303a22417369612f546f6b796f223b7d7d733a31323a22002a005f6f726967696e616c223b613a313a7b733a31303a226c6173745f6c6f67696e223b4f3a32303a2243616b655c4931386e5c46726f7a656e54696d65223a333a7b733a343a2264617465223b733a32363a22323032362d30352d33302030323a30313a33342e303030303030223b733a31333a2274696d657a6f6e655f74797065223b693a333b733a383a2274696d657a6f6e65223b733a31303a22417369612f546f6b796f223b7d7d733a31303a22002a005f68696464656e223b613a343a7b693a303b733a383a2270617373776f7264223b693a313b733a353a22746f6b656e223b693a323b733a31333a22746f6b656e5f65787069726573223b693a333b733a393a226170695f746f6b656e223b7d733a31313a22002a005f7669727475616c223b613a303a7b7d733a393a22002a005f6469727479223b613a313a7b733a31303a226c6173745f6c6f67696e223b623a313b7d733a373a22002a005f6e6577223b623a303b733a31303a22002a005f6572726f7273223b613a303a7b7d733a31313a22002a005f696e76616c6964223b613a303a7b7d733a31343a22002a005f61636365737369626c65223b613a343a7b733a313a222a223b623a313b733a323a226964223b623a303b733a31323a2269735f737570657275736572223b623a303b733a343a22726f6c65223b623a313b7d733a31373a22002a005f7265676973747279416c696173223b733a353a225573657273223b733a31383a22002a005f6861734265656e56697369746564223b623a303b733a31373a22002a005f686173416c6c6f77734e756c6c223b623a303b7d, 1781191882),
	('75o9fnnaiuvvrfprjtsj693jpn', '2026-05-22 10:56:42', '2026-05-29 08:30:59', _binary 0x436f6e6669677c613a313a7b733a343a2274696d65223b693a313738303034333435393b7d417574687c4f3a32313a224170705c4d6f64656c5c456e746974795c55736572223a31323a7b733a31303a22002a005f6669656c6473223b613a32333a7b733a323a226964223b733a323a223131223b733a383a22757365726e616d65223b733a383a2273757a756b692d6b223b733a353a22656d61696c223b733a31383a2273757a756b692d6b4069637a2e636f2e6a70223b733a383a2270617373776f7264223b733a36303a2224327924313024567931452f533357414d334f54676e4d2e483731314f543978704b382f6d6d544574437a395564584d6d7954342f6e52664f74692e223b733a31303a2266697273745f6e616d65223b733a363a22e581a5e58fb8223b733a393a226c6173745f6e616d65223b733a363a22e988b4e69ca8223b733a31323a22646973706c61795f6e616d65223b733a363a22e988b4e69ca8223b733a333a226a6f62223b733a393a226e6f6e2d73616c6573223b733a383a22706f736974696f6e223b693a39393b733a353a22746f6b656e223b4e3b733a31333a22746f6b656e5f65787069726573223b4e3b733a393a226170695f746f6b656e223b4e3b733a31353a2261637469766174696f6e5f64617465223b4e3b733a363a22736563726574223b4e3b733a31353a227365637265745f7665726966696564223b4e3b733a383a22746f735f64617465223b4e3b733a363a22616374697665223b623a313b733a31323a2269735f737570657275736572223b623a303b733a343a22726f6c65223b733a343a2275736572223b733a373a2263726561746564223b4f3a32303a2243616b655c4931386e5c46726f7a656e54696d65223a333a7b733a343a2264617465223b733a32363a22323032352d30342d30392031313a30303a30302e303030303030223b733a31333a2274696d657a6f6e655f74797065223b693a333b733a383a2274696d657a6f6e65223b733a31303a22417369612f546f6b796f223b7d733a383a226d6f646966696564223b4f3a32303a2243616b655c4931386e5c46726f7a656e54696d65223a333a7b733a343a2264617465223b733a32363a22323032362d30312d30352031313a30303a30302e303030303030223b733a31333a2274696d657a6f6e655f74797065223b693a333b733a383a2274696d657a6f6e65223b733a31303a22417369612f546f6b796f223b7d733a31353a226164646974696f6e616c5f64617461223b4e3b733a31303a226c6173745f6c6f67696e223b4f3a32303a2243616b655c4931386e5c46726f7a656e54696d65223a333a7b733a343a2264617465223b733a32363a22323032362d30352d31352031383a35383a30312e303030303030223b733a31333a2274696d657a6f6e655f74797065223b693a333b733a383a2274696d657a6f6e65223b733a31303a22417369612f546f6b796f223b7d7d733a31323a22002a005f6f726967696e616c223b613a303a7b7d733a31303a22002a005f68696464656e223b613a343a7b693a303b733a383a2270617373776f7264223b693a313b733a353a22746f6b656e223b693a323b733a31333a22746f6b656e5f65787069726573223b693a333b733a393a226170695f746f6b656e223b7d733a31313a22002a005f7669727475616c223b613a303a7b7d733a393a22002a005f6469727479223b613a303a7b7d733a373a22002a005f6e6577223b623a303b733a31303a22002a005f6572726f7273223b613a303a7b7d733a31313a22002a005f696e76616c6964223b613a303a7b7d733a31343a22002a005f61636365737369626c65223b613a343a7b733a313a222a223b623a313b733a323a226964223b623a303b733a31323a2269735f737570657275736572223b623a303b733a343a22726f6c65223b623a303b7d733a31373a22002a005f7265676973747279416c696173223b733a353a225573657273223b733a31383a22002a005f6861734265656e56697369746564223b623a303b733a31373a22002a005f686173416c6c6f77734e756c6c223b623a303b7d, 1780648259),
	('84ng18nr25dpjctalhee4u044e', '2026-06-03 06:15:03', '2026-06-03 07:40:27', _binary 0x436f6e6669677c613a313a7b733a343a2274696d65223b693a313738303437323432363b7d417574687c4f3a32313a224170705c4d6f64656c5c456e746974795c55736572223a31323a7b733a31303a22002a005f6669656c6473223b613a32333a7b733a323a226964223b733a323a223133223b733a383a22757365726e616d65223b733a363a2274616b617365223b733a353a22656d61696c223b733a31363a2274616b6173654069637a2e636f2e6a70223b733a383a2270617373776f7264223b733a36303a2224327924313024454b61484b786c316c435576666b644e4d42426651655561634c4c634f3745766d7434395a727569527537366b77386f2e32425771223b733a31303a2266697273745f6e616d65223b733a363a22e58b87e8bc9d223b733a393a226c6173745f6e616d65223b733a363a22e9ab99e780a8223b733a31323a22646973706c61795f6e616d65223b733a363a22e9ab99e780a8223b733a333a226a6f62223b733a353a2273616c6573223b733a383a22706f736974696f6e223b693a343b733a353a22746f6b656e223b733a303a22223b733a31333a22746f6b656e5f65787069726573223b4e3b733a393a226170695f746f6b656e223b733a303a22223b733a31353a2261637469766174696f6e5f64617465223b4e3b733a363a22736563726574223b4e3b733a31353a227365637265745f7665726966696564223b4e3b733a383a22746f735f64617465223b4e3b733a363a22616374697665223b623a313b733a31323a2269735f737570657275736572223b623a303b733a343a22726f6c65223b733a343a2275736572223b733a373a2263726561746564223b4f3a32303a2243616b655c4931386e5c46726f7a656e54696d65223a333a7b733a343a2264617465223b733a32363a22323032352d30342d30392031313a30303a30302e303030303030223b733a31333a2274696d657a6f6e655f74797065223b693a333b733a383a2274696d657a6f6e65223b733a31303a22417369612f546f6b796f223b7d733a383a226d6f646966696564223b4f3a32303a2243616b655c4931386e5c46726f7a656e54696d65223a333a7b733a343a2264617465223b733a32363a22323032362d30332d30332031313a30303a30302e303030303030223b733a31333a2274696d657a6f6e655f74797065223b693a333b733a383a2274696d657a6f6e65223b733a31303a22417369612f546f6b796f223b7d733a31353a226164646974696f6e616c5f64617461223b4e3b733a31303a226c6173745f6c6f67696e223b4f3a32303a2243616b655c4931386e5c46726f7a656e54696d65223a333a7b733a343a2264617465223b733a32363a22323032362d30352d31312031363a31363a35312e303030303030223b733a31333a2274696d657a6f6e655f74797065223b693a333b733a383a2274696d657a6f6e65223b733a31303a22417369612f546f6b796f223b7d7d733a31323a22002a005f6f726967696e616c223b613a303a7b7d733a31303a22002a005f68696464656e223b613a343a7b693a303b733a383a2270617373776f7264223b693a313b733a353a22746f6b656e223b693a323b733a31333a22746f6b656e5f65787069726573223b693a333b733a393a226170695f746f6b656e223b7d733a31313a22002a005f7669727475616c223b613a303a7b7d733a393a22002a005f6469727479223b613a303a7b7d733a373a22002a005f6e6577223b623a303b733a31303a22002a005f6572726f7273223b613a303a7b7d733a31313a22002a005f696e76616c6964223b613a303a7b7d733a31343a22002a005f61636365737369626c65223b613a343a7b733a313a222a223b623a313b733a323a226964223b623a303b733a31323a2269735f737570657275736572223b623a303b733a343a22726f6c65223b623a313b7d733a31373a22002a005f7265676973747279416c696173223b733a353a225573657273223b733a31383a22002a005f6861734265656e56697369746564223b623a303b733a31373a22002a005f686173416c6c6f77734e756c6c223b623a303b7d, 1781077227),
	('8nj5cveubqindir5st2qocvp3k', '2026-05-27 00:45:31', '2026-06-02 05:59:12', _binary 0x436f6e6669677c613a313a7b733a343a2274696d65223b693a313738303337393935323b7d417574687c4f3a32313a224170705c4d6f64656c5c456e746974795c55736572223a31323a7b733a31303a22002a005f6669656c6473223b613a32333a7b733a323a226964223b733a323a223135223b733a383a22757365726e616d65223b733a393a2274616e696d69636869223b733a353a22656d61696c223b733a31393a2274616e696d696368694069637a2e636f2e6a70223b733a383a2270617373776f7264223b733a36303a222432792431302434716e73484b7a61554f6154575a486e483631542f7537654e6f732f64766c7633557a635870522f4c564f786b43524d4443556261223b733a31303a2266697273745f6e616d65223b733a363a22e7a590e59f8e223b733a393a226c6173745f6e616d65223b733a363a22e8b0b7e98193223b733a31323a22646973706c61795f6e616d65223b733a363a22e8b0b7e98193223b733a333a226a6f62223b733a353a2273616c6573223b733a383a22706f736974696f6e223b693a363b733a353a22746f6b656e223b733a303a22223b733a31333a22746f6b656e5f65787069726573223b4e3b733a393a226170695f746f6b656e223b733a303a22223b733a31353a2261637469766174696f6e5f64617465223b4e3b733a363a22736563726574223b4e3b733a31353a227365637265745f7665726966696564223b4e3b733a383a22746f735f64617465223b4e3b733a363a22616374697665223b623a313b733a31323a2269735f737570657275736572223b623a303b733a343a22726f6c65223b733a343a2275736572223b733a373a2263726561746564223b4f3a32303a2243616b655c4931386e5c46726f7a656e54696d65223a333a7b733a343a2264617465223b733a32363a22323032362d30332d31342031313a30303a30302e303030303030223b733a31333a2274696d657a6f6e655f74797065223b693a333b733a383a2274696d657a6f6e65223b733a31303a22417369612f546f6b796f223b7d733a383a226d6f646966696564223b4f3a32303a2243616b655c4931386e5c46726f7a656e54696d65223a333a7b733a343a2264617465223b733a32363a22323032362d30352d31312032313a35303a30382e303030303030223b733a31333a2274696d657a6f6e655f74797065223b693a333b733a383a2274696d657a6f6e65223b733a31303a22417369612f546f6b796f223b7d733a31353a226164646974696f6e616c5f64617461223b4e3b733a31303a226c6173745f6c6f67696e223b4f3a32303a2243616b655c4931386e5c46726f7a656e54696d65223a333a7b733a343a2264617465223b733a32363a22323032362d30352d31322031323a33393a30392e303030303030223b733a31333a2274696d657a6f6e655f74797065223b693a333b733a383a2274696d657a6f6e65223b733a31303a22417369612f546f6b796f223b7d7d733a31323a22002a005f6f726967696e616c223b613a303a7b7d733a31303a22002a005f68696464656e223b613a343a7b693a303b733a383a2270617373776f7264223b693a313b733a353a22746f6b656e223b693a323b733a31333a22746f6b656e5f65787069726573223b693a333b733a393a226170695f746f6b656e223b7d733a31313a22002a005f7669727475616c223b613a303a7b7d733a393a22002a005f6469727479223b613a303a7b7d733a373a22002a005f6e6577223b623a303b733a31303a22002a005f6572726f7273223b613a303a7b7d733a31313a22002a005f696e76616c6964223b613a303a7b7d733a31343a22002a005f61636365737369626c65223b613a343a7b733a313a222a223b623a313b733a323a226964223b623a303b733a31323a2269735f737570657275736572223b623a303b733a343a22726f6c65223b623a313b7d733a31373a22002a005f7265676973747279416c696173223b733a353a225573657273223b733a31383a22002a005f6861734265656e56697369746564223b623a303b733a31373a22002a005f686173416c6c6f77734e756c6c223b623a303b7d466c6173687c613a303a7b7d, 1780984752),
	('8tsip77uhr3ppcff270ssus6pl', '2026-05-27 20:57:14', '2026-06-03 07:31:45', _binary 0x436f6e6669677c613a313a7b733a343a2274696d65223b693a313738303437313930353b7d417574687c4f3a32313a224170705c4d6f64656c5c456e746974795c55736572223a31323a7b733a31303a22002a005f6669656c6473223b613a32333a7b733a323a226964223b733a313a2231223b733a383a22757365726e616d65223b733a353a2261646d696e223b733a353a22656d61696c223b733a31353a2261646d696e4069637a2e636f2e6a70223b733a383a2270617373776f7264223b733a36303a2224327924313024556e647575314c4b3833783839516a76766f364a6b2e7339576e4344726639366970317639554a4b7071323754696b666474793469223b733a31303a2266697273745f6e616d65223b733a353a2241646d696e223b733a393a226c6173745f6e616d65223b733a333a2249435a223b733a31323a22646973706c61795f6e616d65223b733a393a2249435a2041646d696e223b733a333a226a6f62223b733a393a226e6f6e2d73616c6573223b733a383a22706f736974696f6e223b693a39393b733a353a22746f6b656e223b4e3b733a31333a22746f6b656e5f65787069726573223b4e3b733a393a226170695f746f6b656e223b4e3b733a31353a2261637469766174696f6e5f64617465223b4e3b733a363a22736563726574223b4e3b733a31353a227365637265745f7665726966696564223b4e3b733a383a22746f735f64617465223b4e3b733a363a22616374697665223b623a313b733a31323a2269735f737570657275736572223b623a313b733a343a22726f6c65223b733a393a22737570657275736572223b733a373a2263726561746564223b4f3a32303a2243616b655c4931386e5c46726f7a656e54696d65223a333a7b733a343a2264617465223b733a32363a22323032352d30332d30312031313a30303a30302e303030303030223b733a31333a2274696d657a6f6e655f74797065223b693a333b733a383a2274696d657a6f6e65223b733a31303a22417369612f546f6b796f223b7d733a383a226d6f646966696564223b4f3a32303a2243616b655c4931386e5c46726f7a656e54696d65223a333a7b733a343a2264617465223b733a32363a22323032352d30332d30312031313a30303a30302e303030303030223b733a31333a2274696d657a6f6e655f74797065223b693a333b733a383a2274696d657a6f6e65223b733a31303a22417369612f546f6b796f223b7d733a31353a226164646974696f6e616c5f64617461223b4e3b733a31303a226c6173745f6c6f67696e223b4f3a32303a2243616b655c4931386e5c46726f7a656e54696d65223a333a7b733a343a2264617465223b733a32363a22323032362d30352d31382032313a35303a32342e303030303030223b733a31333a2274696d657a6f6e655f74797065223b693a333b733a383a2274696d657a6f6e65223b733a31303a22417369612f546f6b796f223b7d7d733a31323a22002a005f6f726967696e616c223b613a303a7b7d733a31303a22002a005f68696464656e223b613a343a7b693a303b733a383a2270617373776f7264223b693a313b733a353a22746f6b656e223b693a323b733a31333a22746f6b656e5f65787069726573223b693a333b733a393a226170695f746f6b656e223b7d733a31313a22002a005f7669727475616c223b613a303a7b7d733a393a22002a005f6469727479223b613a303a7b7d733a373a22002a005f6e6577223b623a303b733a31303a22002a005f6572726f7273223b613a303a7b7d733a31313a22002a005f696e76616c6964223b613a303a7b7d733a31343a22002a005f61636365737369626c65223b613a343a7b733a313a222a223b623a313b733a323a226964223b623a303b733a31323a2269735f737570657275736572223b623a303b733a343a22726f6c65223b623a313b7d733a31373a22002a005f7265676973747279416c696173223b733a353a225573657273223b733a31383a22002a005f6861734265656e56697369746564223b623a303b733a31373a22002a005f686173416c6c6f77734e756c6c223b623a303b7d466c6173687c613a303a7b7d, 1781076705),
	('9cb7d26gu4hr9hqoo9v7mji5e9', '2026-05-28 08:38:52', '2026-05-29 06:41:21', _binary 0x436f6e6669677c613a313a7b733a343a2274696d65223b693a313738303033363838313b7d417574687c4f3a32313a224170705c4d6f64656c5c456e746974795c55736572223a31323a7b733a31303a22002a005f6669656c6473223b613a32333a7b733a323a226964223b733a313a2231223b733a383a22757365726e616d65223b733a353a2261646d696e223b733a353a22656d61696c223b733a31353a2261646d696e4069637a2e636f2e6a70223b733a383a2270617373776f7264223b733a36303a2224327924313024556e647575314c4b3833783839516a76766f364a6b2e7339576e4344726639366970317639554a4b7071323754696b666474793469223b733a31303a2266697273745f6e616d65223b733a353a2241646d696e223b733a393a226c6173745f6e616d65223b733a333a2249435a223b733a31323a22646973706c61795f6e616d65223b733a393a2249435a2041646d696e223b733a333a226a6f62223b733a393a226e6f6e2d73616c6573223b733a383a22706f736974696f6e223b693a39393b733a353a22746f6b656e223b4e3b733a31333a22746f6b656e5f65787069726573223b4e3b733a393a226170695f746f6b656e223b4e3b733a31353a2261637469766174696f6e5f64617465223b4e3b733a363a22736563726574223b4e3b733a31353a227365637265745f7665726966696564223b4e3b733a383a22746f735f64617465223b4e3b733a363a22616374697665223b623a313b733a31323a2269735f737570657275736572223b623a313b733a343a22726f6c65223b733a393a22737570657275736572223b733a373a2263726561746564223b4f3a32303a2243616b655c4931386e5c46726f7a656e54696d65223a333a7b733a343a2264617465223b733a32363a22323032352d30332d30312031313a30303a30302e303030303030223b733a31333a2274696d657a6f6e655f74797065223b693a333b733a383a2274696d657a6f6e65223b733a31303a22417369612f546f6b796f223b7d733a383a226d6f646966696564223b4f3a32303a2243616b655c4931386e5c46726f7a656e54696d65223a333a7b733a343a2264617465223b733a32363a22323032352d30332d30312031313a30303a30302e303030303030223b733a31333a2274696d657a6f6e655f74797065223b693a333b733a383a2274696d657a6f6e65223b733a31303a22417369612f546f6b796f223b7d733a31353a226164646974696f6e616c5f64617461223b4e3b733a31303a226c6173745f6c6f67696e223b4f3a32303a2243616b655c4931386e5c46726f7a656e54696d65223a333a7b733a343a2264617465223b733a32363a22323032362d30352d31382032313a35303a32342e303030303030223b733a31333a2274696d657a6f6e655f74797065223b693a333b733a383a2274696d657a6f6e65223b733a31303a22417369612f546f6b796f223b7d7d733a31323a22002a005f6f726967696e616c223b613a303a7b7d733a31303a22002a005f68696464656e223b613a343a7b693a303b733a383a2270617373776f7264223b693a313b733a353a22746f6b656e223b693a323b733a31333a22746f6b656e5f65787069726573223b693a333b733a393a226170695f746f6b656e223b7d733a31313a22002a005f7669727475616c223b613a303a7b7d733a393a22002a005f6469727479223b613a303a7b7d733a373a22002a005f6e6577223b623a303b733a31303a22002a005f6572726f7273223b613a303a7b7d733a31313a22002a005f696e76616c6964223b613a303a7b7d733a31343a22002a005f61636365737369626c65223b613a343a7b733a313a222a223b623a313b733a323a226964223b623a303b733a31323a2269735f737570657275736572223b623a303b733a343a22726f6c65223b623a313b7d733a31373a22002a005f7265676973747279416c696173223b733a353a225573657273223b733a31383a22002a005f6861734265656e56697369746564223b623a303b733a31373a22002a005f686173416c6c6f77734e756c6c223b623a303b7d, 1780641681),
	('aste65q1ep7p72nkq8aouktkom', '2026-05-22 02:21:03', '2026-05-29 02:13:00', _binary 0x436f6e6669677c613a313a7b733a343a2274696d65223b693a313738303032303738303b7d417574687c4f3a32313a224170705c4d6f64656c5c456e746974795c55736572223a31323a7b733a31303a22002a005f6669656c6473223b613a32333a7b733a323a226964223b733a313a2235223b733a383a22757365726e616d65223b733a363a2274616b656461223b733a353a22656d61696c223b733a31363a2274616b6564614069637a2e636f2e6a70223b733a383a2270617373776f7264223b733a36303a22243279243130247344754b6761524b574459703449596e426f4a7a4a2e74674a46522f6d306f5a75674a31414174326766582f4c67556771514a376d223b733a31303a2266697273745f6e616d65223b733a363a22e79bb4e69697223b733a393a226c6173745f6e616d65223b733a363a22e6ada6e794b0223b733a31323a22646973706c61795f6e616d65223b733a363a22e6ada6e794b0223b733a333a226a6f62223b733a353a2273616c6573223b733a383a22706f736974696f6e223b693a323b733a353a22746f6b656e223b4e3b733a31333a22746f6b656e5f65787069726573223b4e3b733a393a226170695f746f6b656e223b4e3b733a31353a2261637469766174696f6e5f64617465223b4e3b733a363a22736563726574223b4e3b733a31353a227365637265745f7665726966696564223b4e3b733a383a22746f735f64617465223b4e3b733a363a22616374697665223b623a313b733a31323a2269735f737570657275736572223b623a303b733a343a22726f6c65223b733a343a2275736572223b733a373a2263726561746564223b4f3a32303a2243616b655c4931386e5c46726f7a656e54696d65223a333a7b733a343a2264617465223b733a32363a22323032352d30332d30312031313a30303a30302e303030303030223b733a31333a2274696d657a6f6e655f74797065223b693a333b733a383a2274696d657a6f6e65223b733a31303a22417369612f546f6b796f223b7d733a383a226d6f646966696564223b4f3a32303a2243616b655c4931386e5c46726f7a656e54696d65223a333a7b733a343a2264617465223b733a32363a22323032352d30332d30312031313a30303a30302e303030303030223b733a31333a2274696d657a6f6e655f74797065223b693a333b733a383a2274696d657a6f6e65223b733a31303a22417369612f546f6b796f223b7d733a31353a226164646974696f6e616c5f64617461223b4e3b733a31303a226c6173745f6c6f67696e223b4f3a32303a2243616b655c4931386e5c46726f7a656e54696d65223a333a7b733a343a2264617465223b733a32363a22323032362d30342d32382030393a35323a33352e303030303030223b733a31333a2274696d657a6f6e655f74797065223b693a333b733a383a2274696d657a6f6e65223b733a31303a22417369612f546f6b796f223b7d7d733a31323a22002a005f6f726967696e616c223b613a303a7b7d733a31303a22002a005f68696464656e223b613a343a7b693a303b733a383a2270617373776f7264223b693a313b733a353a22746f6b656e223b693a323b733a31333a22746f6b656e5f65787069726573223b693a333b733a393a226170695f746f6b656e223b7d733a31313a22002a005f7669727475616c223b613a303a7b7d733a393a22002a005f6469727479223b613a303a7b7d733a373a22002a005f6e6577223b623a303b733a31303a22002a005f6572726f7273223b613a303a7b7d733a31313a22002a005f696e76616c6964223b613a303a7b7d733a31343a22002a005f61636365737369626c65223b613a343a7b733a313a222a223b623a313b733a323a226964223b623a303b733a31323a2269735f737570657275736572223b623a303b733a343a22726f6c65223b623a303b7d733a31373a22002a005f7265676973747279416c696173223b733a353a225573657273223b733a31383a22002a005f6861734265656e56697369746564223b623a303b733a31373a22002a005f686173416c6c6f77734e756c6c223b623a303b7d466c6173687c613a303a7b7d, 1780625580),
	('avcdhu2jqoq9lc91vlp50a3004', '2026-05-29 04:11:42', '2026-06-03 12:42:11', _binary 0x436f6e6669677c613a313a7b733a343a2274696d65223b693a313738303439303533313b7d466c6173687c613a303a7b7d417574687c4f3a32313a224170705c4d6f64656c5c456e746974795c55736572223a31323a7b733a31303a22002a005f6669656c6473223b613a32333a7b733a323a226964223b733a313a2235223b733a383a22757365726e616d65223b733a363a2274616b656461223b733a353a22656d61696c223b733a31363a2274616b6564614069637a2e636f2e6a70223b733a383a2270617373776f7264223b733a36303a22243279243130247344754b6761524b574459703449596e426f4a7a4a2e74674a46522f6d306f5a75674a31414174326766582f4c67556771514a376d223b733a31303a2266697273745f6e616d65223b733a363a22e79bb4e69697223b733a393a226c6173745f6e616d65223b733a363a22e6ada6e794b0223b733a31323a22646973706c61795f6e616d65223b733a363a22e6ada6e794b0223b733a333a226a6f62223b733a353a2273616c6573223b733a383a22706f736974696f6e223b693a323b733a353a22746f6b656e223b4e3b733a31333a22746f6b656e5f65787069726573223b4e3b733a393a226170695f746f6b656e223b4e3b733a31353a2261637469766174696f6e5f64617465223b4e3b733a363a22736563726574223b4e3b733a31353a227365637265745f7665726966696564223b4e3b733a383a22746f735f64617465223b4e3b733a363a22616374697665223b623a313b733a31323a2269735f737570657275736572223b623a303b733a343a22726f6c65223b733a343a2275736572223b733a373a2263726561746564223b4f3a32303a2243616b655c4931386e5c46726f7a656e54696d65223a333a7b733a343a2264617465223b733a32363a22323032352d30332d30312031313a30303a30302e303030303030223b733a31333a2274696d657a6f6e655f74797065223b693a333b733a383a2274696d657a6f6e65223b733a31303a22417369612f546f6b796f223b7d733a383a226d6f646966696564223b4f3a32303a2243616b655c4931386e5c46726f7a656e54696d65223a333a7b733a343a2264617465223b733a32363a22323032352d30332d30312031313a30303a30302e303030303030223b733a31333a2274696d657a6f6e655f74797065223b693a333b733a383a2274696d657a6f6e65223b733a31303a22417369612f546f6b796f223b7d733a31353a226164646974696f6e616c5f64617461223b4e3b733a31303a226c6173745f6c6f67696e223b4f3a32303a2243616b655c4931386e5c46726f7a656e54696d65223a333a7b733a343a2264617465223b733a32363a22323032362d30352d32392031333a31313a34322e383937383833223b733a31333a2274696d657a6f6e655f74797065223b693a333b733a383a2274696d657a6f6e65223b733a31303a22417369612f546f6b796f223b7d7d733a31323a22002a005f6f726967696e616c223b613a313a7b733a31303a226c6173745f6c6f67696e223b4f3a32303a2243616b655c4931386e5c46726f7a656e54696d65223a333a7b733a343a2264617465223b733a32363a22323032362d30342d32382030393a35323a33352e303030303030223b733a31333a2274696d657a6f6e655f74797065223b693a333b733a383a2274696d657a6f6e65223b733a31303a22417369612f546f6b796f223b7d7d733a31303a22002a005f68696464656e223b613a343a7b693a303b733a383a2270617373776f7264223b693a313b733a353a22746f6b656e223b693a323b733a31333a22746f6b656e5f65787069726573223b693a333b733a393a226170695f746f6b656e223b7d733a31313a22002a005f7669727475616c223b613a303a7b7d733a393a22002a005f6469727479223b613a313a7b733a31303a226c6173745f6c6f67696e223b623a313b7d733a373a22002a005f6e6577223b623a303b733a31303a22002a005f6572726f7273223b613a303a7b7d733a31313a22002a005f696e76616c6964223b613a303a7b7d733a31343a22002a005f61636365737369626c65223b613a343a7b733a313a222a223b623a313b733a323a226964223b623a303b733a31323a2269735f737570657275736572223b623a303b733a343a22726f6c65223b623a313b7d733a31373a22002a005f7265676973747279416c696173223b733a353a225573657273223b733a31383a22002a005f6861734265656e56697369746564223b623a303b733a31373a22002a005f686173416c6c6f77734e756c6c223b623a303b7d, 1781095331),
	('b8g7u3aua7d0bbo6scv4vihgna', '2026-06-03 05:21:20', '2026-06-03 09:09:57', _binary 0x436f6e6669677c613a313a7b733a343a2274696d65223b693a313738303437373739363b7d417574687c4f3a32313a224170705c4d6f64656c5c456e746974795c55736572223a31323a7b733a31303a22002a005f6669656c6473223b613a32333a7b733a323a226964223b733a313a2238223b733a383a22757365726e616d65223b733a363a2269696a696d61223b733a353a22656d61696c223b733a31363a2269696a696d614069637a2e636f2e6a70223b733a383a2270617373776f7264223b733a36303a2224327924313024617679343754697579586a74714c514a715a384c4c65354874696376514c686d4c4a5338657861387063346e576c64422f474b6475223b733a31303a2266697273745f6e616d65223b733a363a22e7be8ee6a8b9223b733a393a226c6173745f6e616d65223b733a363a22e9a3afe5b3b6223b733a31323a22646973706c61795f6e616d65223b733a363a22e9a3afe5b3b6223b733a333a226a6f62223b733a393a226e6f6e2d73616c6573223b733a383a22706f736974696f6e223b693a39393b733a353a22746f6b656e223b4e3b733a31333a22746f6b656e5f65787069726573223b4e3b733a393a226170695f746f6b656e223b4e3b733a31353a2261637469766174696f6e5f64617465223b4e3b733a363a22736563726574223b4e3b733a31353a227365637265745f7665726966696564223b4e3b733a383a22746f735f64617465223b4e3b733a363a22616374697665223b623a313b733a31323a2269735f737570657275736572223b623a303b733a343a22726f6c65223b733a343a2275736572223b733a373a2263726561746564223b4f3a32303a2243616b655c4931386e5c46726f7a656e54696d65223a333a7b733a343a2264617465223b733a32363a22323032352d30332d30312031313a30303a30302e303030303030223b733a31333a2274696d657a6f6e655f74797065223b693a333b733a383a2274696d657a6f6e65223b733a31303a22417369612f546f6b796f223b7d733a383a226d6f646966696564223b4f3a32303a2243616b655c4931386e5c46726f7a656e54696d65223a333a7b733a343a2264617465223b733a32363a22323032352d30332d30312031313a30303a30302e303030303030223b733a31333a2274696d657a6f6e655f74797065223b693a333b733a383a2274696d657a6f6e65223b733a31303a22417369612f546f6b796f223b7d733a31353a226164646974696f6e616c5f64617461223b4e3b733a31303a226c6173745f6c6f67696e223b4f3a32303a2243616b655c4931386e5c46726f7a656e54696d65223a333a7b733a343a2264617465223b733a32363a22323032362d30352d31392031333a35343a30342e303030303030223b733a31333a2274696d657a6f6e655f74797065223b693a333b733a383a2274696d657a6f6e65223b733a31303a22417369612f546f6b796f223b7d7d733a31323a22002a005f6f726967696e616c223b613a303a7b7d733a31303a22002a005f68696464656e223b613a343a7b693a303b733a383a2270617373776f7264223b693a313b733a353a22746f6b656e223b693a323b733a31333a22746f6b656e5f65787069726573223b693a333b733a393a226170695f746f6b656e223b7d733a31313a22002a005f7669727475616c223b613a303a7b7d733a393a22002a005f6469727479223b613a303a7b7d733a373a22002a005f6e6577223b623a303b733a31303a22002a005f6572726f7273223b613a303a7b7d733a31313a22002a005f696e76616c6964223b613a303a7b7d733a31343a22002a005f61636365737369626c65223b613a343a7b733a313a222a223b623a313b733a323a226964223b623a303b733a31323a2269735f737570657275736572223b623a303b733a343a22726f6c65223b623a313b7d733a31373a22002a005f7265676973747279416c696173223b733a353a225573657273223b733a31383a22002a005f6861734265656e56697369746564223b623a303b733a31373a22002a005f686173416c6c6f77734e756c6c223b623a303b7d466c6173687c613a303a7b7d, 1781082597),
	('bct3c7hjj93a79vgfdefun504r', '2026-06-03 01:14:29', '2026-06-03 09:59:08', _binary 0x436f6e6669677c613a313a7b733a343a2274696d65223b693a313738303438303734383b7d417574687c4f3a32313a224170705c4d6f64656c5c456e746974795c55736572223a31323a7b733a31303a22002a005f6669656c6473223b613a32333a7b733a323a226964223b733a323a223134223b733a383a22757365726e616d65223b733a373a226f676177612d6d223b733a353a22656d61696c223b733a31373a226f676177612d6d4069637a2e636f2e6a70223b733a383a2270617373776f7264223b733a36303a22243279243130242e345a484343446162472f564768424d4b4b545a4f75634535387330545368584936617357305a633170536a4b794a64525a613479223b733a31303a2266697273745f6e616d65223b733a393a22e7be8ee6a8b9e5ad90223b733a393a226c6173745f6e616d65223b733a363a22e5b08fe5b79d223b733a31323a22646973706c61795f6e616d65223b733a363a22e5b08fe5b79d223b733a333a226a6f62223b733a353a2273616c6573223b733a383a22706f736974696f6e223b693a353b733a353a22746f6b656e223b4e3b733a31333a22746f6b656e5f65787069726573223b4e3b733a393a226170695f746f6b656e223b733a303a22223b733a31353a2261637469766174696f6e5f64617465223b4e3b733a363a22736563726574223b4e3b733a31353a227365637265745f7665726966696564223b4e3b733a383a22746f735f64617465223b4e3b733a363a22616374697665223b623a313b733a31323a2269735f737570657275736572223b623a303b733a343a22726f6c65223b733a343a2275736572223b733a373a2263726561746564223b4f3a32303a2243616b655c4931386e5c46726f7a656e54696d65223a333a7b733a343a2264617465223b733a32363a22323032362d30332d31342031313a30303a30302e303030303030223b733a31333a2274696d657a6f6e655f74797065223b693a333b733a383a2274696d657a6f6e65223b733a31303a22417369612f546f6b796f223b7d733a383a226d6f646966696564223b4f3a32303a2243616b655c4931386e5c46726f7a656e54696d65223a333a7b733a343a2264617465223b733a32363a22323032362d30332d31362031323a33343a34382e303030303030223b733a31333a2274696d657a6f6e655f74797065223b693a333b733a383a2274696d657a6f6e65223b733a31303a22417369612f546f6b796f223b7d733a31353a226164646974696f6e616c5f64617461223b4e3b733a31303a226c6173745f6c6f67696e223b4f3a32303a2243616b655c4931386e5c46726f7a656e54696d65223a333a7b733a343a2264617465223b733a32363a22323032362d30352d31312031383a30353a33382e303030303030223b733a31333a2274696d657a6f6e655f74797065223b693a333b733a383a2274696d657a6f6e65223b733a31303a22417369612f546f6b796f223b7d7d733a31323a22002a005f6f726967696e616c223b613a303a7b7d733a31303a22002a005f68696464656e223b613a343a7b693a303b733a383a2270617373776f7264223b693a313b733a353a22746f6b656e223b693a323b733a31333a22746f6b656e5f65787069726573223b693a333b733a393a226170695f746f6b656e223b7d733a31313a22002a005f7669727475616c223b613a303a7b7d733a393a22002a005f6469727479223b613a303a7b7d733a373a22002a005f6e6577223b623a303b733a31303a22002a005f6572726f7273223b613a303a7b7d733a31313a22002a005f696e76616c6964223b613a303a7b7d733a31343a22002a005f61636365737369626c65223b613a343a7b733a313a222a223b623a313b733a323a226964223b623a303b733a31323a2269735f737570657275736572223b623a303b733a343a22726f6c65223b623a313b7d733a31373a22002a005f7265676973747279416c696173223b733a353a225573657273223b733a31383a22002a005f6861734265656e56697369746564223b623a303b733a31373a22002a005f686173416c6c6f77734e756c6c223b623a303b7d466c6173687c613a303a7b7d, 1781085548),
	('ciuhftp4nd1ts3bupjmaugp1j4', '2026-06-04 14:54:53', '2026-06-04 14:54:53', _binary 0x436f6e6669677c613a313a7b733a343a2274696d65223b693a313738303538343839333b7d, 1781189693),
	('f4l3tjevejr1qajcnukvi3tnm1', '2026-05-27 01:12:04', '2026-06-03 01:02:55', _binary 0x436f6e6669677c613a313a7b733a343a2274696d65223b693a313738303434383537353b7d417574687c4f3a32313a224170705c4d6f64656c5c456e746974795c55736572223a31323a7b733a31303a22002a005f6669656c6473223b613a32333a7b733a323a226964223b733a323a223134223b733a383a22757365726e616d65223b733a373a226f676177612d6d223b733a353a22656d61696c223b733a31373a226f676177612d6d4069637a2e636f2e6a70223b733a383a2270617373776f7264223b733a36303a22243279243130242e345a484343446162472f564768424d4b4b545a4f75634535387330545368584936617357305a633170536a4b794a64525a613479223b733a31303a2266697273745f6e616d65223b733a393a22e7be8ee6a8b9e5ad90223b733a393a226c6173745f6e616d65223b733a363a22e5b08fe5b79d223b733a31323a22646973706c61795f6e616d65223b733a363a22e5b08fe5b79d223b733a333a226a6f62223b733a353a2273616c6573223b733a383a22706f736974696f6e223b693a353b733a353a22746f6b656e223b4e3b733a31333a22746f6b656e5f65787069726573223b4e3b733a393a226170695f746f6b656e223b733a303a22223b733a31353a2261637469766174696f6e5f64617465223b4e3b733a363a22736563726574223b4e3b733a31353a227365637265745f7665726966696564223b4e3b733a383a22746f735f64617465223b4e3b733a363a22616374697665223b623a313b733a31323a2269735f737570657275736572223b623a303b733a343a22726f6c65223b733a343a2275736572223b733a373a2263726561746564223b4f3a32303a2243616b655c4931386e5c46726f7a656e54696d65223a333a7b733a343a2264617465223b733a32363a22323032362d30332d31342031313a30303a30302e303030303030223b733a31333a2274696d657a6f6e655f74797065223b693a333b733a383a2274696d657a6f6e65223b733a31303a22417369612f546f6b796f223b7d733a383a226d6f646966696564223b4f3a32303a2243616b655c4931386e5c46726f7a656e54696d65223a333a7b733a343a2264617465223b733a32363a22323032362d30332d31362031323a33343a34382e303030303030223b733a31333a2274696d657a6f6e655f74797065223b693a333b733a383a2274696d657a6f6e65223b733a31303a22417369612f546f6b796f223b7d733a31353a226164646974696f6e616c5f64617461223b4e3b733a31303a226c6173745f6c6f67696e223b4f3a32303a2243616b655c4931386e5c46726f7a656e54696d65223a333a7b733a343a2264617465223b733a32363a22323032362d30352d31312031383a30353a33382e303030303030223b733a31333a2274696d657a6f6e655f74797065223b693a333b733a383a2274696d657a6f6e65223b733a31303a22417369612f546f6b796f223b7d7d733a31323a22002a005f6f726967696e616c223b613a303a7b7d733a31303a22002a005f68696464656e223b613a343a7b693a303b733a383a2270617373776f7264223b693a313b733a353a22746f6b656e223b693a323b733a31333a22746f6b656e5f65787069726573223b693a333b733a393a226170695f746f6b656e223b7d733a31313a22002a005f7669727475616c223b613a303a7b7d733a393a22002a005f6469727479223b613a303a7b7d733a373a22002a005f6e6577223b623a303b733a31303a22002a005f6572726f7273223b613a303a7b7d733a31313a22002a005f696e76616c6964223b613a303a7b7d733a31343a22002a005f61636365737369626c65223b613a343a7b733a313a222a223b623a313b733a323a226964223b623a303b733a31323a2269735f737570657275736572223b623a303b733a343a22726f6c65223b623a313b7d733a31373a22002a005f7265676973747279416c696173223b733a353a225573657273223b733a31383a22002a005f6861734265656e56697369746564223b623a303b733a31373a22002a005f686173416c6c6f77734e756c6c223b623a303b7d466c6173687c613a303a7b7d, 1781053375),
	('hh0i1g7f2qn8ho9bvi9n6p0rnr', '2026-05-29 08:07:47', '2026-06-03 08:57:32', _binary 0x436f6e6669677c613a313a7b733a343a2274696d65223b693a313738303437373035313b7d466c6173687c613a303a7b7d417574687c4f3a32313a224170705c4d6f64656c5c456e746974795c55736572223a31323a7b733a31303a22002a005f6669656c6473223b613a32333a7b733a323a226964223b733a313a2236223b733a383a22757365726e616d65223b733a353a22616b697761223b733a353a22656d61696c223b733a31353a22616b6977614069637a2e636f2e6a70223b733a383a2270617373776f7264223b733a36303a222432792431302434785371706f6d416c593054612e2f2f434b5a4e572e3957676345626b467a5368686d372e3942474545556a434645587652415a57223b733a31303a2266697273745f6e616d65223b733a393a22e79c9fe6a8b9e5ad90223b733a393a226c6173745f6e616d65223b733a363a22e7a78be5928c223b733a31323a22646973706c61795f6e616d65223b733a363a22e7a78be5928c223b733a333a226a6f62223b733a31303a226163636f756e74696e67223b733a383a22706f736974696f6e223b693a39393b733a353a22746f6b656e223b733a303a22223b733a31333a22746f6b656e5f65787069726573223b4e3b733a393a226170695f746f6b656e223b733a303a22223b733a31353a2261637469766174696f6e5f64617465223b4e3b733a363a22736563726574223b4e3b733a31353a227365637265745f7665726966696564223b4e3b733a383a22746f735f64617465223b4e3b733a363a22616374697665223b623a313b733a31323a2269735f737570657275736572223b623a303b733a343a22726f6c65223b733a343a2275736572223b733a373a2263726561746564223b4f3a32303a2243616b655c4931386e5c46726f7a656e54696d65223a333a7b733a343a2264617465223b733a32363a22323032352d30332d30312031313a30303a30302e303030303030223b733a31333a2274696d657a6f6e655f74797065223b693a333b733a383a2274696d657a6f6e65223b733a31303a22417369612f546f6b796f223b7d733a383a226d6f646966696564223b4f3a32303a2243616b655c4931386e5c46726f7a656e54696d65223a333a7b733a343a2264617465223b733a32363a22323032362d30352d32382032313a33313a32362e303030303030223b733a31333a2274696d657a6f6e655f74797065223b693a333b733a383a2274696d657a6f6e65223b733a31303a22417369612f546f6b796f223b7d733a31353a226164646974696f6e616c5f64617461223b4e3b733a31303a226c6173745f6c6f67696e223b4f3a32303a2243616b655c4931386e5c46726f7a656e54696d65223a333a7b733a343a2264617465223b733a32363a22323032362d30362d30332031373a35373a33312e383932323833223b733a31333a2274696d657a6f6e655f74797065223b693a333b733a383a2274696d657a6f6e65223b733a31303a22417369612f546f6b796f223b7d7d733a31323a22002a005f6f726967696e616c223b613a313a7b733a31303a226c6173745f6c6f67696e223b4f3a32303a2243616b655c4931386e5c46726f7a656e54696d65223a333a7b733a343a2264617465223b733a32363a22323032362d30352d32392031373a30373a32332e303030303030223b733a31333a2274696d657a6f6e655f74797065223b693a333b733a383a2274696d657a6f6e65223b733a31303a22417369612f546f6b796f223b7d7d733a31303a22002a005f68696464656e223b613a343a7b693a303b733a383a2270617373776f7264223b693a313b733a353a22746f6b656e223b693a323b733a31333a22746f6b656e5f65787069726573223b693a333b733a393a226170695f746f6b656e223b7d733a31313a22002a005f7669727475616c223b613a303a7b7d733a393a22002a005f6469727479223b613a313a7b733a31303a226c6173745f6c6f67696e223b623a313b7d733a373a22002a005f6e6577223b623a303b733a31303a22002a005f6572726f7273223b613a303a7b7d733a31313a22002a005f696e76616c6964223b613a303a7b7d733a31343a22002a005f61636365737369626c65223b613a343a7b733a313a222a223b623a313b733a323a226964223b623a303b733a31323a2269735f737570657275736572223b623a303b733a343a22726f6c65223b623a313b7d733a31373a22002a005f7265676973747279416c696173223b733a353a225573657273223b733a31383a22002a005f6861734265656e56697369746564223b623a303b733a31373a22002a005f686173416c6c6f77734e756c6c223b623a303b7d, 1781081852),
	('hjpo0etivm8tildd4npvrhgo3p', '2026-05-28 01:29:08', '2026-06-03 09:44:53', _binary 0x436f6e6669677c613a313a7b733a343a2274696d65223b693a313738303437393839333b7d417574687c4f3a32313a224170705c4d6f64656c5c456e746974795c55736572223a31323a7b733a31303a22002a005f6669656c6473223b613a32333a7b733a323a226964223b733a323a223132223b733a383a22757365726e616d65223b733a393a22736869696261736869223b733a353a22656d61696c223b733a31393a227368696962617368694069637a2e636f2e6a70223b733a383a2270617373776f7264223b733a36303a22243279243130246533546e4b763451677737444d6e774f2f734a4d6e65586d736a682f3431786e65452f497463504942766643464d76725338634b71223b733a31303a2266697273745f6e616d65223b733a363a22e5b9b8e99a86223b733a393a226c6173745f6e616d65223b733a363a22e6a48ee6a98b223b733a31323a22646973706c61795f6e616d65223b733a363a22e6a48ee6a98b223b733a333a226a6f62223b733a353a2273616c6573223b733a383a22706f736974696f6e223b693a333b733a353a22746f6b656e223b733a303a22223b733a31333a22746f6b656e5f65787069726573223b4e3b733a393a226170695f746f6b656e223b733a303a22223b733a31353a2261637469766174696f6e5f64617465223b4e3b733a363a22736563726574223b4e3b733a31353a227365637265745f7665726966696564223b4e3b733a383a22746f735f64617465223b4e3b733a363a22616374697665223b623a313b733a31323a2269735f737570657275736572223b623a303b733a343a22726f6c65223b733a363a22766965776572223b733a373a2263726561746564223b4f3a32303a2243616b655c4931386e5c46726f7a656e54696d65223a333a7b733a343a2264617465223b733a32363a22323032352d30342d30392031313a30303a30302e303030303030223b733a31333a2274696d657a6f6e655f74797065223b693a333b733a383a2274696d657a6f6e65223b733a31303a22417369612f546f6b796f223b7d733a383a226d6f646966696564223b4f3a32303a2243616b655c4931386e5c46726f7a656e54696d65223a333a7b733a343a2264617465223b733a32363a22323032362d30352d32332030313a32343a32382e303030303030223b733a31333a2274696d657a6f6e655f74797065223b693a333b733a383a2274696d657a6f6e65223b733a31303a22417369612f546f6b796f223b7d733a31353a226164646974696f6e616c5f64617461223b4e3b733a31303a226c6173745f6c6f67696e223b4f3a32303a2243616b655c4931386e5c46726f7a656e54696d65223a333a7b733a343a2264617465223b733a32363a22323032362d30352d31342031303a31373a33372e303030303030223b733a31333a2274696d657a6f6e655f74797065223b693a333b733a383a2274696d657a6f6e65223b733a31303a22417369612f546f6b796f223b7d7d733a31323a22002a005f6f726967696e616c223b613a303a7b7d733a31303a22002a005f68696464656e223b613a343a7b693a303b733a383a2270617373776f7264223b693a313b733a353a22746f6b656e223b693a323b733a31333a22746f6b656e5f65787069726573223b693a333b733a393a226170695f746f6b656e223b7d733a31313a22002a005f7669727475616c223b613a303a7b7d733a393a22002a005f6469727479223b613a303a7b7d733a373a22002a005f6e6577223b623a303b733a31303a22002a005f6572726f7273223b613a303a7b7d733a31313a22002a005f696e76616c6964223b613a303a7b7d733a31343a22002a005f61636365737369626c65223b613a343a7b733a313a222a223b623a313b733a323a226964223b623a303b733a31323a2269735f737570657275736572223b623a303b733a343a22726f6c65223b623a313b7d733a31373a22002a005f7265676973747279416c696173223b733a353a225573657273223b733a31383a22002a005f6861734265656e56697369746564223b623a303b733a31373a22002a005f686173416c6c6f77734e756c6c223b623a303b7d466c6173687c613a303a7b7d, 1781084693),
	('i0rhj3j60l60sal9huj9crbjtu', '2026-06-03 06:03:03', '2026-06-03 07:26:48', _binary 0x436f6e6669677c613a313a7b733a343a2274696d65223b693a313738303437313630383b7d417574687c4f3a32313a224170705c4d6f64656c5c456e746974795c55736572223a31323a7b733a31303a22002a005f6669656c6473223b613a32333a7b733a323a226964223b733a323a223135223b733a383a22757365726e616d65223b733a393a2274616e696d69636869223b733a353a22656d61696c223b733a31393a2274616e696d696368694069637a2e636f2e6a70223b733a383a2270617373776f7264223b733a36303a222432792431302434716e73484b7a61554f6154575a486e483631542f7537654e6f732f64766c7633557a635870522f4c564f786b43524d4443556261223b733a31303a2266697273745f6e616d65223b733a363a22e7a590e59f8e223b733a393a226c6173745f6e616d65223b733a363a22e8b0b7e98193223b733a31323a22646973706c61795f6e616d65223b733a363a22e8b0b7e98193223b733a333a226a6f62223b733a353a2273616c6573223b733a383a22706f736974696f6e223b693a363b733a353a22746f6b656e223b733a303a22223b733a31333a22746f6b656e5f65787069726573223b4e3b733a393a226170695f746f6b656e223b733a303a22223b733a31353a2261637469766174696f6e5f64617465223b4e3b733a363a22736563726574223b4e3b733a31353a227365637265745f7665726966696564223b4e3b733a383a22746f735f64617465223b4e3b733a363a22616374697665223b623a313b733a31323a2269735f737570657275736572223b623a303b733a343a22726f6c65223b733a343a2275736572223b733a373a2263726561746564223b4f3a32303a2243616b655c4931386e5c46726f7a656e54696d65223a333a7b733a343a2264617465223b733a32363a22323032362d30332d31342031313a30303a30302e303030303030223b733a31333a2274696d657a6f6e655f74797065223b693a333b733a383a2274696d657a6f6e65223b733a31303a22417369612f546f6b796f223b7d733a383a226d6f646966696564223b4f3a32303a2243616b655c4931386e5c46726f7a656e54696d65223a333a7b733a343a2264617465223b733a32363a22323032362d30352d31312032313a35303a30382e303030303030223b733a31333a2274696d657a6f6e655f74797065223b693a333b733a383a2274696d657a6f6e65223b733a31303a22417369612f546f6b796f223b7d733a31353a226164646974696f6e616c5f64617461223b4e3b733a31303a226c6173745f6c6f67696e223b4f3a32303a2243616b655c4931386e5c46726f7a656e54696d65223a333a7b733a343a2264617465223b733a32363a22323032362d30352d31322031323a33393a30392e303030303030223b733a31333a2274696d657a6f6e655f74797065223b693a333b733a383a2274696d657a6f6e65223b733a31303a22417369612f546f6b796f223b7d7d733a31323a22002a005f6f726967696e616c223b613a303a7b7d733a31303a22002a005f68696464656e223b613a343a7b693a303b733a383a2270617373776f7264223b693a313b733a353a22746f6b656e223b693a323b733a31333a22746f6b656e5f65787069726573223b693a333b733a393a226170695f746f6b656e223b7d733a31313a22002a005f7669727475616c223b613a303a7b7d733a393a22002a005f6469727479223b613a303a7b7d733a373a22002a005f6e6577223b623a303b733a31303a22002a005f6572726f7273223b613a303a7b7d733a31313a22002a005f696e76616c6964223b613a303a7b7d733a31343a22002a005f61636365737369626c65223b613a343a7b733a313a222a223b623a313b733a323a226964223b623a303b733a31323a2269735f737570657275736572223b623a303b733a343a22726f6c65223b623a313b7d733a31373a22002a005f7265676973747279416c696173223b733a353a225573657273223b733a31383a22002a005f6861734265656e56697369746564223b623a303b733a31373a22002a005f686173416c6c6f77734e756c6c223b623a303b7d, 1781076408),
	('j4msi8hqir8k43etg53hudm41f', '2026-05-25 09:29:58', '2026-06-01 09:03:59', _binary 0x436f6e6669677c613a313a7b733a343a2274696d65223b693a313738303330343633393b7d417574687c4f3a32313a224170705c4d6f64656c5c456e746974795c55736572223a31323a7b733a31303a22002a005f6669656c6473223b613a32333a7b733a323a226964223b733a313a2232223b733a383a22757365726e616d65223b733a373a22656e6f6d6f746f223b733a353a22656d61696c223b733a31373a22656e6f6d6f746f4069637a2e636f2e6a70223b733a383a2270617373776f7264223b733a36303a2224327924313024496e3272797073514d64777558444156655269767a2e41647739597030787a646d48414a5533734633734e4c744c526d6962677769223b733a31303a2266697273745f6e616d65223b733a363a22e698ade5ba83223b733a393a226c6173745f6e616d65223b733a363a22e6a68ee69cac223b733a31323a22646973706c61795f6e616d65223b733a363a22e6a68ee69cac223b733a333a226a6f62223b733a353a2273616c6573223b733a383a22706f736974696f6e223b693a313b733a353a22746f6b656e223b4e3b733a31333a22746f6b656e5f65787069726573223b4e3b733a393a226170695f746f6b656e223b4e3b733a31353a2261637469766174696f6e5f64617465223b4e3b733a363a22736563726574223b4e3b733a31353a227365637265745f7665726966696564223b4e3b733a383a22746f735f64617465223b4e3b733a363a22616374697665223b623a313b733a31323a2269735f737570657275736572223b623a303b733a343a22726f6c65223b733a343a2275736572223b733a373a2263726561746564223b4f3a32303a2243616b655c4931386e5c46726f7a656e54696d65223a333a7b733a343a2264617465223b733a32363a22323032352d30332d30312031313a30303a30302e303030303030223b733a31333a2274696d657a6f6e655f74797065223b693a333b733a383a2274696d657a6f6e65223b733a31303a22417369612f546f6b796f223b7d733a383a226d6f646966696564223b4f3a32303a2243616b655c4931386e5c46726f7a656e54696d65223a333a7b733a343a2264617465223b733a32363a22323032352d30332d30312031313a30303a30302e303030303030223b733a31333a2274696d657a6f6e655f74797065223b693a333b733a383a2274696d657a6f6e65223b733a31303a22417369612f546f6b796f223b7d733a31353a226164646974696f6e616c5f64617461223b4e3b733a31303a226c6173745f6c6f67696e223b4f3a32303a2243616b655c4931386e5c46726f7a656e54696d65223a333a7b733a343a2264617465223b733a32363a22323032362d30352d31382032323a31353a35372e303030303030223b733a31333a2274696d657a6f6e655f74797065223b693a333b733a383a2274696d657a6f6e65223b733a31303a22417369612f546f6b796f223b7d7d733a31323a22002a005f6f726967696e616c223b613a303a7b7d733a31303a22002a005f68696464656e223b613a343a7b693a303b733a383a2270617373776f7264223b693a313b733a353a22746f6b656e223b693a323b733a31333a22746f6b656e5f65787069726573223b693a333b733a393a226170695f746f6b656e223b7d733a31313a22002a005f7669727475616c223b613a303a7b7d733a393a22002a005f6469727479223b613a303a7b7d733a373a22002a005f6e6577223b623a303b733a31303a22002a005f6572726f7273223b613a303a7b7d733a31313a22002a005f696e76616c6964223b613a303a7b7d733a31343a22002a005f61636365737369626c65223b613a343a7b733a313a222a223b623a313b733a323a226964223b623a303b733a31323a2269735f737570657275736572223b623a303b733a343a22726f6c65223b623a313b7d733a31373a22002a005f7265676973747279416c696173223b733a353a225573657273223b733a31383a22002a005f6861734265656e56697369746564223b623a303b733a31373a22002a005f686173416c6c6f77734e756c6c223b623a303b7d466c6173687c613a303a7b7d, 1780909439),
	('ojtd6u7jeiu61acaa3bu1g7p8r', '2026-06-03 17:37:01', '2026-06-03 17:57:25', _binary 0x436f6e6669677c613a313a7b733a343a2274696d65223b693a313738303530393434353b7d417574687c4f3a32313a224170705c4d6f64656c5c456e746974795c55736572223a31323a7b733a31303a22002a005f6669656c6473223b613a32333a7b733a323a226964223b733a313a2236223b733a383a22757365726e616d65223b733a353a22616b697761223b733a353a22656d61696c223b733a31353a22616b6977614069637a2e636f2e6a70223b733a383a2270617373776f7264223b733a36303a222432792431302434785371706f6d416c593054612e2f2f434b5a4e572e3957676345626b467a5368686d372e3942474545556a434645587652415a57223b733a31303a2266697273745f6e616d65223b733a393a22e79c9fe6a8b9e5ad90223b733a393a226c6173745f6e616d65223b733a363a22e7a78be5928c223b733a31323a22646973706c61795f6e616d65223b733a363a22e7a78be5928c223b733a333a226a6f62223b733a31303a226163636f756e74696e67223b733a383a22706f736974696f6e223b693a39393b733a353a22746f6b656e223b733a303a22223b733a31333a22746f6b656e5f65787069726573223b4e3b733a393a226170695f746f6b656e223b733a303a22223b733a31353a2261637469766174696f6e5f64617465223b4e3b733a363a22736563726574223b4e3b733a31353a227365637265745f7665726966696564223b4e3b733a383a22746f735f64617465223b4e3b733a363a22616374697665223b623a313b733a31323a2269735f737570657275736572223b623a303b733a343a22726f6c65223b733a343a2275736572223b733a373a2263726561746564223b4f3a32303a2243616b655c4931386e5c46726f7a656e54696d65223a333a7b733a343a2264617465223b733a32363a22323032352d30332d30312031313a30303a30302e303030303030223b733a31333a2274696d657a6f6e655f74797065223b693a333b733a383a2274696d657a6f6e65223b733a31303a22417369612f546f6b796f223b7d733a383a226d6f646966696564223b4f3a32303a2243616b655c4931386e5c46726f7a656e54696d65223a333a7b733a343a2264617465223b733a32363a22323032362d30352d32382032313a33313a32362e303030303030223b733a31333a2274696d657a6f6e655f74797065223b693a333b733a383a2274696d657a6f6e65223b733a31303a22417369612f546f6b796f223b7d733a31353a226164646974696f6e616c5f64617461223b4e3b733a31303a226c6173745f6c6f67696e223b4f3a32303a2243616b655c4931386e5c46726f7a656e54696d65223a333a7b733a343a2264617465223b733a32363a22323032362d30362d30332031373a35373a33312e303030303030223b733a31333a2274696d657a6f6e655f74797065223b693a333b733a383a2274696d657a6f6e65223b733a31303a22417369612f546f6b796f223b7d7d733a31323a22002a005f6f726967696e616c223b613a303a7b7d733a31303a22002a005f68696464656e223b613a343a7b693a303b733a383a2270617373776f7264223b693a313b733a353a22746f6b656e223b693a323b733a31333a22746f6b656e5f65787069726573223b693a333b733a393a226170695f746f6b656e223b7d733a31313a22002a005f7669727475616c223b613a303a7b7d733a393a22002a005f6469727479223b613a303a7b7d733a373a22002a005f6e6577223b623a303b733a31303a22002a005f6572726f7273223b613a303a7b7d733a31313a22002a005f696e76616c6964223b613a303a7b7d733a31343a22002a005f61636365737369626c65223b613a343a7b733a313a222a223b623a313b733a323a226964223b623a303b733a31323a2269735f737570657275736572223b623a303b733a343a22726f6c65223b623a313b7d733a31373a22002a005f7265676973747279416c696173223b733a353a225573657273223b733a31383a22002a005f6861734265656e56697369746564223b623a303b733a31373a22002a005f686173416c6c6f77734e756c6c223b623a303b7d, 1781114245),
	('qfo310f00ock45imn359neoojm', '2026-06-01 02:06:43', '2026-06-03 07:50:03', _binary 0x436f6e6669677c613a313a7b733a343a2274696d65223b693a313738303437333030333b7d417574687c4f3a32313a224170705c4d6f64656c5c456e746974795c55736572223a31323a7b733a31303a22002a005f6669656c6473223b613a32333a7b733a323a226964223b733a323a223131223b733a383a22757365726e616d65223b733a383a2273757a756b692d6b223b733a353a22656d61696c223b733a31383a2273757a756b692d6b4069637a2e636f2e6a70223b733a383a2270617373776f7264223b733a36303a2224327924313024567931452f533357414d334f54676e4d2e483731314f543978704b382f6d6d544574437a395564584d6d7954342f6e52664f74692e223b733a31303a2266697273745f6e616d65223b733a363a22e581a5e58fb8223b733a393a226c6173745f6e616d65223b733a363a22e988b4e69ca8223b733a31323a22646973706c61795f6e616d65223b733a363a22e988b4e69ca8223b733a333a226a6f62223b733a393a226e6f6e2d73616c6573223b733a383a22706f736974696f6e223b693a39393b733a353a22746f6b656e223b4e3b733a31333a22746f6b656e5f65787069726573223b4e3b733a393a226170695f746f6b656e223b4e3b733a31353a2261637469766174696f6e5f64617465223b4e3b733a363a22736563726574223b4e3b733a31353a227365637265745f7665726966696564223b4e3b733a383a22746f735f64617465223b4e3b733a363a22616374697665223b623a313b733a31323a2269735f737570657275736572223b623a303b733a343a22726f6c65223b733a343a2275736572223b733a373a2263726561746564223b4f3a32303a2243616b655c4931386e5c46726f7a656e54696d65223a333a7b733a343a2264617465223b733a32363a22323032352d30342d30392031313a30303a30302e303030303030223b733a31333a2274696d657a6f6e655f74797065223b693a333b733a383a2274696d657a6f6e65223b733a31303a22417369612f546f6b796f223b7d733a383a226d6f646966696564223b4f3a32303a2243616b655c4931386e5c46726f7a656e54696d65223a333a7b733a343a2264617465223b733a32363a22323032362d30312d30352031313a30303a30302e303030303030223b733a31333a2274696d657a6f6e655f74797065223b693a333b733a383a2274696d657a6f6e65223b733a31303a22417369612f546f6b796f223b7d733a31353a226164646974696f6e616c5f64617461223b4e3b733a31303a226c6173745f6c6f67696e223b4f3a32303a2243616b655c4931386e5c46726f7a656e54696d65223a333a7b733a343a2264617465223b733a32363a22323032362d30352d31352031383a35383a30312e303030303030223b733a31333a2274696d657a6f6e655f74797065223b693a333b733a383a2274696d657a6f6e65223b733a31303a22417369612f546f6b796f223b7d7d733a31323a22002a005f6f726967696e616c223b613a303a7b7d733a31303a22002a005f68696464656e223b613a343a7b693a303b733a383a2270617373776f7264223b693a313b733a353a22746f6b656e223b693a323b733a31333a22746f6b656e5f65787069726573223b693a333b733a393a226170695f746f6b656e223b7d733a31313a22002a005f7669727475616c223b613a303a7b7d733a393a22002a005f6469727479223b613a303a7b7d733a373a22002a005f6e6577223b623a303b733a31303a22002a005f6572726f7273223b613a303a7b7d733a31313a22002a005f696e76616c6964223b613a303a7b7d733a31343a22002a005f61636365737369626c65223b613a343a7b733a313a222a223b623a313b733a323a226964223b623a303b733a31323a2269735f737570657275736572223b623a303b733a343a22726f6c65223b623a313b7d733a31373a22002a005f7265676973747279416c696173223b733a353a225573657273223b733a31383a22002a005f6861734265656e56697369746564223b623a303b733a31373a22002a005f686173416c6c6f77734e756c6c223b623a303b7d466c6173687c613a303a7b7d, 1781077803),
	('rvh3ub2247vp8uhhr5f1970rhq', '2026-05-29 17:01:34', '2026-06-03 13:35:55', _binary 0x436f6e6669677c613a313a7b733a343a2274696d65223b693a313738303439333735353b7d466c6173687c613a303a7b7d417574687c4f3a32313a224170705c4d6f64656c5c456e746974795c55736572223a31323a7b733a31303a22002a005f6669656c6473223b613a32333a7b733a323a226964223b733a313a2231223b733a383a22757365726e616d65223b733a353a2261646d696e223b733a353a22656d61696c223b733a31353a2261646d696e4069637a2e636f2e6a70223b733a383a2270617373776f7264223b733a36303a2224327924313024556e647575314c4b3833783839516a76766f364a6b2e7339576e4344726639366970317639554a4b7071323754696b666474793469223b733a31303a2266697273745f6e616d65223b733a353a2241646d696e223b733a393a226c6173745f6e616d65223b733a333a2249435a223b733a31323a22646973706c61795f6e616d65223b733a393a2249435a2041646d696e223b733a333a226a6f62223b733a393a226e6f6e2d73616c6573223b733a383a22706f736974696f6e223b693a39393b733a353a22746f6b656e223b4e3b733a31333a22746f6b656e5f65787069726573223b4e3b733a393a226170695f746f6b656e223b4e3b733a31353a2261637469766174696f6e5f64617465223b4e3b733a363a22736563726574223b4e3b733a31353a227365637265745f7665726966696564223b4e3b733a383a22746f735f64617465223b4e3b733a363a22616374697665223b623a313b733a31323a2269735f737570657275736572223b623a313b733a343a22726f6c65223b733a393a22737570657275736572223b733a373a2263726561746564223b4f3a32303a2243616b655c4931386e5c46726f7a656e54696d65223a333a7b733a343a2264617465223b733a32363a22323032352d30332d30312031313a30303a30302e303030303030223b733a31333a2274696d657a6f6e655f74797065223b693a333b733a383a2274696d657a6f6e65223b733a31303a22417369612f546f6b796f223b7d733a383a226d6f646966696564223b4f3a32303a2243616b655c4931386e5c46726f7a656e54696d65223a333a7b733a343a2264617465223b733a32363a22323032352d30332d30312031313a30303a30302e303030303030223b733a31333a2274696d657a6f6e655f74797065223b693a333b733a383a2274696d657a6f6e65223b733a31303a22417369612f546f6b796f223b7d733a31353a226164646974696f6e616c5f64617461223b4e3b733a31303a226c6173745f6c6f67696e223b4f3a32303a2243616b655c4931386e5c46726f7a656e54696d65223a333a7b733a343a2264617465223b733a32363a22323032362d30352d33302030323a30313a33342e323832333137223b733a31333a2274696d657a6f6e655f74797065223b693a333b733a383a2274696d657a6f6e65223b733a31303a22417369612f546f6b796f223b7d7d733a31323a22002a005f6f726967696e616c223b613a313a7b733a31303a226c6173745f6c6f67696e223b4f3a32303a2243616b655c4931386e5c46726f7a656e54696d65223a333a7b733a343a2264617465223b733a32363a22323032362d30352d31382032313a35303a32342e303030303030223b733a31333a2274696d657a6f6e655f74797065223b693a333b733a383a2274696d657a6f6e65223b733a31303a22417369612f546f6b796f223b7d7d733a31303a22002a005f68696464656e223b613a343a7b693a303b733a383a2270617373776f7264223b693a313b733a353a22746f6b656e223b693a323b733a31333a22746f6b656e5f65787069726573223b693a333b733a393a226170695f746f6b656e223b7d733a31313a22002a005f7669727475616c223b613a303a7b7d733a393a22002a005f6469727479223b613a313a7b733a31303a226c6173745f6c6f67696e223b623a313b7d733a373a22002a005f6e6577223b623a303b733a31303a22002a005f6572726f7273223b613a303a7b7d733a31313a22002a005f696e76616c6964223b613a303a7b7d733a31343a22002a005f61636365737369626c65223b613a343a7b733a313a222a223b623a313b733a323a226964223b623a303b733a31323a2269735f737570657275736572223b623a303b733a343a22726f6c65223b623a313b7d733a31373a22002a005f7265676973747279416c696173223b733a353a225573657273223b733a31383a22002a005f6861734265656e56697369746564223b623a303b733a31373a22002a005f686173416c6c6f77734e756c6c223b623a303b7d, 1781098555),
	('tp2dgo1gs5j6mmuf4ohprh0nv3', '2026-06-04 14:54:53', '2026-06-04 14:54:53', _binary 0x436f6e6669677c613a313a7b733a343a2274696d65223b693a313738303538343839333b7d466c6173687c613a313a7b733a353a22666c617368223b613a313a7b693a303b613a343a7b733a373a226d657373616765223b733a3132353a22e382a2e382afe382bbe382b9e6a8a9e3818ce38182e3828ae381bee3819be38293e380824c6f636174696f6e203d20687474703a2f2f6c6f63616c686f73742f62696c6c732f3f7461726765745f6d6f6e74683d323032362d30362f696e666f2f7265667326736572766963653d6769742d75706c6f61642d7061636b223b733a333a226b6579223b733a353a22666c617368223b733a373a22656c656d656e74223b733a31313a22666c6173682f6572726f72223b733a363a22706172616d73223b613a303a7b7d7d7d7d, 1781189693),
	('vgmird3qvje6e9uhfte9efhmnl', '2026-06-04 15:33:30', '2026-06-04 17:28:04', _binary 0x436f6e6669677c613a313a7b733a343a2274696d65223b693a313738303539343038343b7d417574687c4f3a32313a224170705c4d6f64656c5c456e746974795c55736572223a31323a7b733a31303a22002a005f6669656c6473223b613a32333a7b733a323a226964223b733a313a2231223b733a383a22757365726e616d65223b733a353a2261646d696e223b733a353a22656d61696c223b733a31353a2261646d696e4069637a2e636f2e6a70223b733a383a2270617373776f7264223b733a36303a2224327924313024556e647575314c4b3833783839516a76766f364a6b2e7339576e4344726639366970317639554a4b7071323754696b666474793469223b733a31303a2266697273745f6e616d65223b733a353a2241646d696e223b733a393a226c6173745f6e616d65223b733a333a2249435a223b733a31323a22646973706c61795f6e616d65223b733a393a2249435a2041646d696e223b733a333a226a6f62223b733a393a226e6f6e2d73616c6573223b733a383a22706f736974696f6e223b693a39393b733a353a22746f6b656e223b4e3b733a31333a22746f6b656e5f65787069726573223b4e3b733a393a226170695f746f6b656e223b4e3b733a31353a2261637469766174696f6e5f64617465223b4e3b733a363a22736563726574223b4e3b733a31353a227365637265745f7665726966696564223b4e3b733a383a22746f735f64617465223b4e3b733a363a22616374697665223b623a313b733a31323a2269735f737570657275736572223b623a313b733a343a22726f6c65223b733a393a22737570657275736572223b733a373a2263726561746564223b4f3a32303a2243616b655c4931386e5c46726f7a656e54696d65223a333a7b733a343a2264617465223b733a32363a22323032352d30332d30312031313a30303a30302e303030303030223b733a31333a2274696d657a6f6e655f74797065223b693a333b733a383a2274696d657a6f6e65223b733a31303a22417369612f546f6b796f223b7d733a383a226d6f646966696564223b4f3a32303a2243616b655c4931386e5c46726f7a656e54696d65223a333a7b733a343a2264617465223b733a32363a22323032352d30332d30312031313a30303a30302e303030303030223b733a31333a2274696d657a6f6e655f74797065223b693a333b733a383a2274696d657a6f6e65223b733a31303a22417369612f546f6b796f223b7d733a31353a226164646974696f6e616c5f64617461223b4e3b733a31303a226c6173745f6c6f67696e223b4f3a32303a2243616b655c4931386e5c46726f7a656e54696d65223a333a7b733a343a2264617465223b733a32363a22323032362d30362d30342030313a35313a33372e303030303030223b733a31333a2274696d657a6f6e655f74797065223b693a333b733a383a2274696d657a6f6e65223b733a31303a22417369612f546f6b796f223b7d7d733a31323a22002a005f6f726967696e616c223b613a303a7b7d733a31303a22002a005f68696464656e223b613a343a7b693a303b733a383a2270617373776f7264223b693a313b733a353a22746f6b656e223b693a323b733a31333a22746f6b656e5f65787069726573223b693a333b733a393a226170695f746f6b656e223b7d733a31313a22002a005f7669727475616c223b613a303a7b7d733a393a22002a005f6469727479223b613a303a7b7d733a373a22002a005f6e6577223b623a303b733a31303a22002a005f6572726f7273223b613a303a7b7d733a31313a22002a005f696e76616c6964223b613a303a7b7d733a31343a22002a005f61636365737369626c65223b613a343a7b733a313a222a223b623a313b733a323a226964223b623a303b733a31323a2269735f737570657275736572223b623a303b733a343a22726f6c65223b623a313b7d733a31373a22002a005f7265676973747279416c696173223b733a353a225573657273223b733a31383a22002a005f6861734265656e56697369746564223b623a303b733a31373a22002a005f686173416c6c6f77734e756c6c223b623a303b7d, 1781198884);

--  テーブル sfa.social_accounts の構造をダンプしています
DROP TABLE IF EXISTS `social_accounts`;
CREATE TABLE IF NOT EXISTS `social_accounts` (
  `id` char(36) NOT NULL,
  `user_id` char(36) NOT NULL,
  `provider` varchar(255) NOT NULL,
  `username` varchar(255) DEFAULT NULL,
  `reference` varchar(255) NOT NULL,
  `avatar` varchar(255) DEFAULT NULL,
  `description` text DEFAULT NULL,
  `link` varchar(255) NOT NULL,
  `token` varchar(500) NOT NULL,
  `token_secret` varchar(500) DEFAULT NULL,
  `token_expires` datetime DEFAULT NULL,
  `active` tinyint(1) NOT NULL DEFAULT 1,
  `data` text NOT NULL,
  `created` datetime NOT NULL,
  `modified` datetime NOT NULL,
  PRIMARY KEY (`id`),
  KEY `user_id` (`user_id`),
  CONSTRAINT `social_accounts_ibfk_1` FOREIGN KEY (`user_id`) REFERENCES `users_default` (`id`) ON DELETE CASCADE ON UPDATE CASCADE
) ENGINE=InnoDB DEFAULT CHARSET=utf8mb4 COLLATE=utf8mb4_general_ci;

-- テーブル sfa.social_accounts: ~0 rows (約) のデータをダンプしています

--  テーブル sfa.users の構造をダンプしています
DROP TABLE IF EXISTS `users`;
CREATE TABLE IF NOT EXISTS `users` (
  `id` char(36) NOT NULL,
  `username` varchar(255) NOT NULL,
  `email` varchar(255) DEFAULT NULL,
  `password` varchar(255) NOT NULL,
  `first_name` varchar(50) DEFAULT NULL,
  `last_name` varchar(50) DEFAULT NULL,
  `display_name` varchar(50) DEFAULT NULL,
  `job` varchar(255) NOT NULL,
  `position` tinyint(4) DEFAULT 0,
  `token` varchar(255) DEFAULT NULL,
  `token_expires` datetime DEFAULT NULL,
  `api_token` varchar(255) DEFAULT NULL,
  `activation_date` datetime DEFAULT NULL,
  `secret` varchar(32) DEFAULT NULL,
  `secret_verified` tinyint(1) DEFAULT NULL,
  `tos_date` datetime DEFAULT NULL,
  `active` tinyint(1) NOT NULL DEFAULT 0,
  `is_superuser` tinyint(1) NOT NULL DEFAULT 0,
  `role` varchar(255) DEFAULT 'user',
  `created` datetime NOT NULL,
  `modified` datetime NOT NULL,
  `additional_data` text DEFAULT NULL,
  `last_login` datetime DEFAULT NULL,
  PRIMARY KEY (`id`)
) ENGINE=InnoDB DEFAULT CHARSET=utf8mb4 COLLATE=utf8mb4_general_ci;

-- テーブル sfa.users: ~20 rows (約) のデータをダンプしています
INSERT INTO `users` (`id`, `username`, `email`, `password`, `first_name`, `last_name`, `display_name`, `job`, `position`, `token`, `token_expires`, `api_token`, `activation_date`, `secret`, `secret_verified`, `tos_date`, `active`, `is_superuser`, `role`, `created`, `modified`, `additional_data`, `last_login`) VALUES
	('1', 'admin', 'admin@icz.co.jp', '$2y$10$Unduu1LK83x89Qjvvo6Jk.s9WnCDrf96ip1v9UJKpq27Tikfdty4i', 'Admin', 'ICZ', 'ICZ Admin', 'non-sales', 99, NULL, NULL, NULL, NULL, NULL, NULL, NULL, 1, 1, 'superuser', '2025-03-01 11:00:00', '2025-03-01 11:00:00', NULL, '2026-06-04 01:51:37'),
	('10', 'watanabe', 'watanabe@icz.co.jp', '$2y$10$N/4U6ZHzR2nKNlGN7LfC1O4jioZOw/gTJGJ32W.gnxPxYtAk1kSPu', '翔哉', '渡邉', '渡邉', 'non-sales', 99, '', NULL, '', NULL, NULL, NULL, NULL, 0, 0, 'user', '2025-10-01 11:00:00', '2025-10-21 11:00:00', NULL, '2025-10-01 18:19:02'),
	('11', 'suzuki-k', 'suzuki-k@icz.co.jp', '$2y$10$Vy1E/S3WAM3OTgnM.H711OT9xpK8/mmTEtCz9UdXMmyT4/nRfOti.', '健司', '鈴木', '鈴木', 'non-sales', 99, NULL, NULL, NULL, NULL, NULL, NULL, NULL, 1, 0, 'user', '2025-04-09 11:00:00', '2026-01-05 11:00:00', NULL, '2026-05-15 18:58:01'),
	('12', 'shiibashi', 'shiibashi@icz.co.jp', '$2y$10$e3TnKv4Qgw7DMnwO/sJMneXmsjh/41xneE/ItcPIBvfCFMvrS8cKq', '幸隆', '椎橋', '椎橋', 'sales', 3, '', NULL, '', NULL, NULL, NULL, NULL, 1, 0, 'viewer', '2025-04-09 11:00:00', '2026-05-23 01:24:28', NULL, '2026-05-14 10:17:37'),
	('13', 'takase', 'takase@icz.co.jp', '$2y$10$EKaHKxl1lCUvfkdNMBBfQeUacLLcO7Evmt49ZruiRu76kw8o.2BWq', '勇輝', '髙瀨', '髙瀨', 'sales', 4, '', NULL, '', NULL, NULL, NULL, NULL, 1, 0, 'user', '2025-04-09 11:00:00', '2026-03-03 11:00:00', NULL, '2026-05-11 16:16:51'),
	('14', 'ogawa-m', 'ogawa-m@icz.co.jp', '$2y$10$.4ZHCCDabG/VGhBMKKTZOucE58s0TShXI6asW0Zc1pSjKyJdRZa4y', '美樹子', '小川', '小川', 'sales', 5, NULL, NULL, '', NULL, NULL, NULL, NULL, 1, 0, 'user', '2026-03-14 11:00:00', '2026-03-16 12:34:48', NULL, '2026-05-11 18:05:38'),
	('15', 'tanimichi', 'tanimichi@icz.co.jp', '$2y$10$4qnsHKzaUOaTWZHnH61T/u7eNos/dvlv3UzcXpR/LVOxkCRMDCUba', '祐城', '谷道', '谷道', 'sales', 6, '', NULL, '', NULL, NULL, NULL, NULL, 1, 0, 'user', '2026-03-14 11:00:00', '2026-05-11 21:50:08', NULL, '2026-05-12 12:39:09'),
	('16', 'user16', 'user16@icz.co.jp', '$2y$10$qpLRT8AvCQJoxoWhNBFeV.4Tm42/XxK2YXSL0BV0H6B0B1E6FFd4.', '十六郎', '秋葉', '秋葉', 'non-sales', 99, NULL, NULL, NULL, NULL, NULL, NULL, NULL, 0, 0, 'user', '2026-03-14 11:00:00', '2026-03-14 11:00:00', NULL, NULL),
	('17', 'user17', 'user17@icz.co.jp', '$2y$10$/N5hWLMXEfjoQ6FGz4IXO.SajS8FCwsJ/x847jFDalWCoIQDHDm9q', '十七郎', '秋葉', '秋葉', 'non-sales', 99, NULL, NULL, NULL, NULL, NULL, NULL, NULL, 0, 0, 'user', '2026-03-14 11:00:00', '2026-03-14 11:00:00', NULL, NULL),
	('18', 'user18', 'user18@icz.co.jp', '$2y$10$W1ui9ZJzasIZUVZe4gJg3O51cJmGAs.WgmyM2znayyQ8bZw./aOKu', '十八郎', '秋葉', '秋葉', 'non-sales', 99, NULL, NULL, NULL, NULL, NULL, NULL, NULL, 0, 0, 'user', '2026-03-14 11:00:00', '2026-03-14 11:00:00', NULL, NULL),
	('19', 'user19', 'user19@icz.co.jp', '$2y$10$jaRm3eM4WwNLQyfdCOF63.rwkHzvnXHoRFhUVL6J2SFqTd8Lx4oKe', '十九郎', '秋葉', '秋葉', 'non-sales', 99, NULL, NULL, NULL, NULL, NULL, NULL, NULL, 0, 0, 'user', '2026-03-14 11:00:00', '2026-03-14 11:00:00', NULL, NULL),
	('2', 'enomoto', 'enomoto@icz.co.jp', '$2y$10$In2rypsQMdwuXDAVeRivz.Adw9Yp0xzdmHAJU3sF3sNLtLRmibgwi', '昭広', '榎本', '榎本', 'sales', 1, NULL, NULL, NULL, NULL, NULL, NULL, NULL, 1, 0, 'user', '2025-03-01 11:00:00', '2025-03-01 11:00:00', NULL, '2026-05-18 22:15:57'),
	('20', 'user20', 'user20@icz.co.jp', '$2y$10$pOL6CpfbOLjvTSqH116RQ.dAf6iKxI6qux7uEH9ew2t3mVDovx.L.', '二十郎', '秋葉', '秋葉', 'non-sales', 99, NULL, NULL, NULL, NULL, NULL, NULL, NULL, 0, 0, 'user', '2026-03-14 11:00:00', '2026-03-14 11:00:00', NULL, NULL),
	('3', 'sakamoto', 'sakamoto@icz.co.jp', '$2y$10$9EHpnJrMQ3JOIlDnshy9VuCKbEpwz97rYQp9deURAAqw8H8I7lspW', '宏美', '坂本', '坂本', 'sales', 99, '', NULL, '', NULL, NULL, NULL, NULL, 0, 0, 'user', '2025-03-01 11:00:00', '2026-03-03 11:00:00', NULL, '2026-01-30 11:20:38'),
	('4', 'uchida', 'uchida@icz.co.jp', '$2y$10$.S86mU35O70Ab6UlSQHuIO.HKTtwqXcBrGzMxFvr0vvRsaO/Fyhnu', '圭吾', '内田', '内田', 'sales', 99, '', NULL, '', NULL, NULL, NULL, NULL, 0, 0, 'user', '2025-03-01 11:00:00', '2025-10-21 11:00:00', NULL, '2025-09-11 12:52:04'),
	('5', 'takeda', 'takeda@icz.co.jp', '$2y$10$sDuKgaRKWDYp4IYnBoJzJ.tgJFR/m0oZugJ1AAt2gfX/LgUgqQJ7m', '直斗', '武田', '武田', 'sales', 2, NULL, NULL, NULL, NULL, NULL, NULL, NULL, 1, 0, 'user', '2025-03-01 11:00:00', '2025-03-01 11:00:00', NULL, '2026-05-29 13:11:42'),
	('6', 'akiwa', 'akiwa@icz.co.jp', '$2y$10$4xSqpomAlY0Ta.//CKZNW.9WgcEbkFzShhm7.9BGEEUjCFEXvRAZW', '真樹子', '秋和', '秋和', 'accounting', 99, '', NULL, '', NULL, NULL, NULL, NULL, 1, 0, 'user', '2025-03-01 11:00:00', '2026-05-28 21:31:26', NULL, '2026-06-04 03:03:52'),
	('7', 'kaneko', 'kaneko@icz.co.jp', '$2y$10$w4GXbxTxwcFEuPgk9dIGN.Dler7CFOgrkUmN40sLoZ8GVER4HEtv6', '二葉', '金子', '金子', 'non-sales', 99, '', NULL, '', NULL, NULL, NULL, NULL, 0, 0, 'user', '2025-03-01 11:00:00', '2025-09-30 11:00:00', NULL, '2025-09-11 09:54:59'),
	('8', 'iijima', 'iijima@icz.co.jp', '$2y$10$avy47TiuyXjtqLQJqZ8LLe5HticvQLhmLJS8exa8pc4nWldB/GKdu', '美樹', '飯島', '飯島', 'non-sales', 99, NULL, NULL, NULL, NULL, NULL, NULL, NULL, 1, 0, 'user', '2025-03-01 11:00:00', '2025-03-01 11:00:00', NULL, '2026-05-19 13:54:04'),
	('9', 'fujita', 'fujita@icz.co.jp', '$2y$10$aUga/HgzuQjXIajvEpsReem.Ky9qv1jn56fy9/N7dWB2K/twN0Z0q', '絢子', '藤田', '藤田', 'non-sales', 99, NULL, NULL, NULL, NULL, NULL, NULL, NULL, 0, 0, 'user', '2025-03-01 11:00:00', '2025-03-01 11:00:00', NULL, '2026-01-19 10:15:21');

--  テーブル sfa.users_default の構造をダンプしています
DROP TABLE IF EXISTS `users_default`;
CREATE TABLE IF NOT EXISTS `users_default` (
  `id` char(36) NOT NULL,
  `username` varchar(255) NOT NULL,
  `email` varchar(255) DEFAULT NULL,
  `password` varchar(255) NOT NULL,
  `first_name` varchar(50) DEFAULT NULL,
  `last_name` varchar(50) DEFAULT NULL,
  `token` varchar(255) DEFAULT NULL,
  `token_expires` datetime DEFAULT NULL,
  `api_token` varchar(255) DEFAULT NULL,
  `activation_date` datetime DEFAULT NULL,
  `secret` varchar(32) DEFAULT NULL,
  `secret_verified` tinyint(1) DEFAULT NULL,
  `tos_date` datetime DEFAULT NULL,
  `active` tinyint(1) NOT NULL DEFAULT 0,
  `is_superuser` tinyint(1) NOT NULL DEFAULT 0,
  `role` varchar(255) DEFAULT 'user',
  `created` datetime NOT NULL,
  `modified` datetime NOT NULL,
  `additional_data` text DEFAULT NULL,
  `last_login` datetime DEFAULT NULL,
  PRIMARY KEY (`id`)
) ENGINE=InnoDB DEFAULT CHARSET=utf8mb4 COLLATE=utf8mb4_general_ci;

-- テーブル sfa.users_default: ~0 rows (約) のデータをダンプしています

/*!40103 SET TIME_ZONE=IFNULL(@OLD_TIME_ZONE, 'system') */;
/*!40101 SET SQL_MODE=IFNULL(@OLD_SQL_MODE, '') */;
/*!40014 SET FOREIGN_KEY_CHECKS=IFNULL(@OLD_FOREIGN_KEY_CHECKS, 1) */;
/*!40101 SET CHARACTER_SET_CLIENT=@OLD_CHARACTER_SET_CLIENT */;
/*!40111 SET SQL_NOTES=IFNULL(@OLD_SQL_NOTES, 1) */;
